-- MySQL dump 10.13  Distrib 5.5.45, for Linux (x86_64)
--
-- Host: localhost    Database: gigs_staging
-- ------------------------------------------------------
-- Server version	5.5.45

/*!40101 SET @OLD_CHARACTER_SET_CLIENT=@@CHARACTER_SET_CLIENT */;
/*!40101 SET @OLD_CHARACTER_SET_RESULTS=@@CHARACTER_SET_RESULTS */;
/*!40101 SET @OLD_COLLATION_CONNECTION=@@COLLATION_CONNECTION */;
/*!40101 SET NAMES utf8 */;
/*!40103 SET @OLD_TIME_ZONE=@@TIME_ZONE */;
/*!40103 SET TIME_ZONE='+00:00' */;
/*!40014 SET @OLD_UNIQUE_CHECKS=@@UNIQUE_CHECKS, UNIQUE_CHECKS=0 */;
/*!40014 SET @OLD_FOREIGN_KEY_CHECKS=@@FOREIGN_KEY_CHECKS, FOREIGN_KEY_CHECKS=0 */;
/*!40101 SET @OLD_SQL_MODE=@@SQL_MODE, SQL_MODE='NO_AUTO_VALUE_ON_ZERO' */;
/*!40111 SET @OLD_SQL_NOTES=@@SQL_NOTES, SQL_NOTES=0 */;

--
-- Table structure for table `admin_notification`
--

DROP TABLE IF EXISTS `admin_notification`;
/*!40101 SET @saved_cs_client     = @@character_set_client */;
/*!40101 SET character_set_client = utf8 */;
CREATE TABLE `admin_notification` (
  `id` int(11) NOT NULL AUTO_INCREMENT,
  `gig_id` int(1) NOT NULL,
  `chat_id` int(11) DEFAULT NULL,
  `type` char(1) NOT NULL COMMENT '1 - gig, 2 - chat',
  PRIMARY KEY (`id`)
) ENGINE=InnoDB AUTO_INCREMENT=552 DEFAULT CHARSET=latin1;
/*!40101 SET character_set_client = @saved_cs_client */;

--
-- Dumping data for table `admin_notification`
--

LOCK TABLES `admin_notification` WRITE;
/*!40000 ALTER TABLE `admin_notification` DISABLE KEYS */;
INSERT INTO `admin_notification` VALUES (83,5,45,'1'),(85,7,47,'1'),(86,6,48,'1'),(87,14,49,'1'),(89,15,51,'1'),(91,1,52,'1'),(95,1,53,'1'),(99,1,54,'1'),(101,14,55,'1'),(102,14,55,'2'),(103,14,55,'2'),(104,14,55,'2'),(105,31,56,'1'),(106,31,57,'1'),(107,7,58,'1'),(108,7,58,'2'),(109,7,58,'2'),(110,31,59,'1'),(111,1,60,'1'),(112,5,61,'1'),(113,6,62,'1'),(114,13,63,'1'),(115,7,64,'1'),(116,14,65,'1'),(117,31,66,'1'),(118,1,67,'1'),(119,5,68,'1'),(120,14,69,'1'),(122,5,71,'1'),(123,14,72,'1'),(124,14,72,'2'),(125,13,73,'1'),(145,5,68,'2'),(146,5,68,'2'),(147,5,68,'2'),(148,5,68,'2'),(149,5,68,'2'),(150,5,68,'2'),(151,5,68,'2'),(152,5,68,'2'),(153,5,68,'2'),(154,5,71,'2'),(155,31,66,'2'),(156,31,66,'2'),(157,32,79,'1'),(167,1,84,'1'),(168,33,85,'1'),(170,38,86,'1'),(172,39,87,'1'),(174,38,89,'1'),(176,40,91,'1'),(179,31,66,'2'),(181,1,94,'1'),(182,41,95,'1'),(190,1,97,'1'),(195,1,98,'1'),(206,43,101,'1'),(207,43,101,'2'),(208,1,102,'1'),(209,44,103,'1'),(210,44,104,'1'),(212,33,105,'1'),(213,44,106,'1'),(214,38,107,'1'),(215,41,108,'1'),(216,42,109,'1'),(217,42,109,'2'),(221,45,112,'1'),(222,41,113,'1'),(226,47,116,'1'),(236,50,120,'1'),(238,28,124,'1'),(239,45,127,'1'),(240,1,128,'1'),(251,33,131,'1'),(252,33,131,'2'),(253,33,134,'1'),(255,33,92,'2'),(256,1,137,'1'),(257,1,137,'2'),(258,38,138,'1'),(259,50,120,'2'),(260,50,120,'2'),(261,1,139,'1'),(262,1,139,'2'),(263,1,139,'2'),(264,33,140,'1'),(265,58,142,'1'),(266,50,143,'1'),(268,50,120,'2'),(269,58,144,'1'),(270,1,145,'1'),(271,1,114,'2'),(275,33,149,'1'),(276,1,150,'1'),(277,38,138,'2'),(278,1,60,'2'),(280,48,152,'1'),(281,1,137,'2'),(284,58,147,'2'),(285,1,153,'1'),(288,51,154,'1'),(289,51,154,'2'),(290,49,155,'1'),(291,58,156,'1'),(292,44,157,'1'),(293,60,158,'1'),(300,33,82,'2'),(301,33,82,'2'),(310,1,137,'2'),(311,1,137,'2'),(315,58,160,'1'),(316,58,160,'2'),(317,58,160,'2'),(318,58,160,'2'),(319,51,161,'1'),(321,58,162,'1'),(322,58,162,'2'),(323,60,163,'1'),(326,39,136,'2'),(329,39,167,'1'),(330,33,168,'1'),(331,52,169,'1'),(332,1,60,'2'),(336,50,173,'1'),(337,33,174,'1'),(338,50,175,'1'),(349,63,178,'1'),(352,43,180,'1'),(354,52,169,'2'),(356,67,185,'1'),(357,39,186,'1'),(358,67,185,'2'),(359,39,186,'2'),(361,62,189,'1'),(362,69,191,'1'),(364,39,192,'1'),(366,67,194,'1'),(367,67,194,'2'),(371,61,196,'2'),(372,60,197,'1'),(373,67,194,'2'),(374,60,197,'2'),(375,67,194,'2'),(376,67,194,'2'),(377,67,194,'2'),(378,67,194,'2'),(385,70,199,'1'),(387,33,200,'1'),(389,33,202,'1'),(390,71,203,'1'),(391,71,203,'2'),(392,33,204,'1'),(393,33,205,'1'),(394,71,206,'1'),(395,39,171,'2'),(396,39,171,'2'),(397,39,171,'2'),(398,39,171,'2'),(399,71,203,'2'),(400,71,203,'2'),(401,71,203,'2'),(402,71,203,'2'),(403,71,203,'2'),(404,71,203,'2'),(405,71,203,'2'),(406,71,203,'2'),(407,71,203,'2'),(408,33,200,'2'),(409,33,200,'2'),(410,39,207,'1'),(411,39,207,'2'),(412,39,207,'2'),(413,39,207,'2'),(414,33,202,'2'),(415,39,208,'1'),(416,39,171,'2'),(417,39,171,'2'),(418,39,171,'2'),(420,39,210,'1'),(422,43,214,'1'),(424,72,211,'2'),(426,33,205,'2'),(427,33,205,'2'),(428,33,205,'2'),(429,33,205,'2'),(430,44,157,'2'),(431,60,198,'2'),(432,60,198,'2'),(434,1,153,'2'),(435,72,218,'1'),(436,72,218,'2'),(437,72,218,'2'),(438,39,207,'2'),(439,33,202,'2'),(440,71,203,'2'),(441,44,219,'1'),(445,43,216,'2'),(446,43,216,'2'),(447,43,216,'2'),(448,43,216,'2'),(449,43,216,'2'),(450,43,216,'2'),(451,43,216,'2'),(452,43,216,'2'),(462,44,220,'1'),(464,14,69,'2'),(465,73,222,'1'),(466,67,227,'1'),(469,1,229,'1'),(470,73,230,'1'),(471,73,231,'1'),(472,67,232,'1'),(473,67,233,'1'),(474,44,234,'1'),(475,44,235,'1'),(476,62,236,'1'),(477,67,237,'1'),(478,73,238,'1'),(479,44,239,'1'),(489,73,242,'1'),(490,33,243,'1'),(493,67,244,'1'),(494,67,244,'2'),(495,67,244,'2'),(496,67,244,'2'),(497,67,244,'2'),(498,67,244,'2'),(499,67,244,'2'),(500,67,244,'2'),(501,67,245,'1'),(543,73,228,'2'),(544,73,228,'2'),(545,73,228,'2'),(546,73,228,'2'),(549,67,249,'1'),(550,67,250,'1'),(551,67,251,'1');
/*!40000 ALTER TABLE `admin_notification` ENABLE KEYS */;
UNLOCK TABLES;

--
-- Table structure for table `application`
--

DROP TABLE IF EXISTS `application`;
/*!40101 SET @saved_cs_client     = @@character_set_client */;
/*!40101 SET character_set_client = utf8 */;
CREATE TABLE `application` (
  `id` int(11) NOT NULL AUTO_INCREMENT,
  `user_id` int(11) NOT NULL,
  `gig_id` int(11) NOT NULL,
  `status` char(1) NOT NULL COMMENT '1 - enabled, 2 - deleted',
  `chat_id` int(11) NOT NULL DEFAULT '0',
  `created` datetime NOT NULL,
  `modified` datetime NOT NULL,
  PRIMARY KEY (`id`)
) ENGINE=InnoDB AUTO_INCREMENT=274 DEFAULT CHARSET=latin1;
/*!40101 SET character_set_client = @saved_cs_client */;

--
-- Dumping data for table `application`
--

LOCK TABLES `application` WRITE;
/*!40000 ALTER TABLE `application` DISABLE KEYS */;
INSERT INTO `application` VALUES (66,1,5,'1',44,'2015-12-18 08:02:13','2015-12-18 08:02:13'),(73,50,15,'1',51,'2015-12-18 10:22:31','2015-12-18 10:22:31'),(74,51,1,'1',52,'2015-12-18 11:07:25','2015-12-18 11:07:25'),(75,53,1,'1',53,'2015-12-19 06:21:48','2015-12-19 06:21:48'),(76,42,1,'1',54,'2015-12-19 08:17:17','2015-12-19 08:17:17'),(82,55,1,'1',60,'2015-12-19 10:22:02','2015-12-19 10:22:02'),(83,55,5,'1',61,'2015-12-19 10:24:22','2015-12-19 10:24:22'),(84,55,6,'1',62,'2015-12-19 10:25:40','2015-12-19 10:25:40'),(85,55,13,'1',63,'2015-12-19 10:30:43','2015-12-19 10:30:43'),(86,55,7,'1',64,'2015-12-19 10:32:05','2015-12-19 10:32:05'),(87,55,14,'1',65,'2015-12-19 10:34:12','2015-12-19 10:34:12'),(88,55,31,'1',66,'2015-12-19 10:37:53','2015-12-19 10:37:53'),(89,56,1,'1',67,'2015-12-19 10:40:27','2015-12-19 10:40:27'),(90,56,5,'1',68,'2015-12-19 10:42:22','2015-12-19 10:42:22'),(91,50,14,'1',69,'2015-12-19 11:07:42','2015-12-19 11:07:42'),(92,1,14,'1',70,'2015-12-19 13:33:29','2015-12-19 13:33:29'),(93,51,5,'1',71,'2015-12-20 02:07:44','2015-12-20 02:07:44'),(94,37,14,'1',72,'2015-12-20 06:14:54','2015-12-20 06:14:54'),(95,37,13,'1',73,'2015-12-20 07:00:29','2015-12-20 07:00:29'),(96,57,32,'1',74,'2015-12-20 07:35:46','2015-12-20 07:35:46'),(97,57,33,'1',75,'2015-12-20 08:44:31','2015-12-20 08:44:31'),(98,59,32,'1',76,'2015-12-20 14:34:01','2015-12-20 14:34:01'),(99,59,33,'1',77,'2015-12-20 14:41:34','2015-12-20 14:41:34'),(100,60,14,'1',78,'2015-12-20 17:31:58','2015-12-20 17:31:58'),(101,60,32,'1',79,'2015-12-21 08:25:03','2015-12-21 08:25:03'),(102,36,39,'1',80,'2015-12-21 09:22:44','2015-12-21 09:22:44'),(103,60,38,'1',81,'2015-12-21 09:57:45','2015-12-21 09:57:45'),(104,62,33,'1',82,'2015-12-21 10:11:07','2015-12-21 10:11:07'),(105,61,33,'1',83,'2015-12-21 10:53:26','2015-12-21 10:53:26'),(106,63,1,'1',84,'2015-12-21 11:58:57','2015-12-21 11:58:57'),(107,63,33,'1',85,'2015-12-21 11:59:12','2015-12-21 11:59:12'),(108,63,38,'1',86,'2015-12-21 12:02:59','2015-12-21 12:02:59'),(109,63,39,'1',87,'2015-12-21 12:13:02','2015-12-21 12:13:02'),(110,62,40,'1',88,'2015-12-21 13:07:44','2015-12-21 13:07:44'),(111,62,38,'1',89,'2015-12-21 14:18:41','2015-12-21 14:18:41'),(112,62,39,'1',90,'2015-12-21 14:46:02','2015-12-21 14:46:02'),(113,63,40,'1',91,'2015-12-21 14:46:33','2015-12-21 14:46:33'),(114,55,33,'1',92,'2015-12-22 06:13:17','2015-12-22 06:13:17'),(115,40,42,'1',93,'2015-12-22 18:03:34','2015-12-22 18:03:34'),(116,40,1,'1',94,'2015-12-22 18:03:52','2015-12-22 18:03:52'),(118,73,1,'1',96,'2015-12-23 01:09:38','2015-12-23 01:09:38'),(119,74,1,'1',97,'2015-12-23 02:32:13','2015-12-23 02:32:13'),(120,52,1,'1',98,'2015-12-23 06:47:59','2015-12-23 06:47:59'),(121,63,42,'1',99,'2015-12-23 07:40:22','2015-12-23 07:40:22'),(123,75,43,'1',101,'2015-12-23 15:25:15','2015-12-23 15:25:15'),(124,75,1,'1',102,'2015-12-23 15:31:21','2015-12-23 15:31:21'),(125,63,44,'1',103,'2015-12-25 09:43:40','2015-12-25 09:43:40'),(126,75,44,'1',104,'2015-12-25 09:50:47','2015-12-25 09:50:47'),(127,77,33,'1',105,'2015-12-25 09:58:54','2015-12-25 09:58:54'),(128,77,44,'1',106,'2015-12-25 09:59:50','2015-12-25 09:59:50'),(129,77,38,'1',107,'2015-12-25 10:00:34','2015-12-25 10:00:34'),(130,62,41,'1',108,'2015-12-26 12:12:19','2015-12-26 12:12:19'),(134,63,45,'1',112,'2016-01-03 09:59:27','2016-01-03 09:59:27'),(135,63,41,'1',113,'2016-01-03 10:31:37','2016-01-03 10:31:37'),(136,78,1,'1',114,'2016-01-03 10:51:03','2016-01-03 10:51:03'),(137,79,38,'1',115,'2016-01-03 11:17:27','2016-01-03 11:17:27'),(138,63,47,'1',116,'2016-01-03 11:30:13','2016-01-03 11:30:13'),(139,43,48,'1',117,'2016-01-04 11:16:38','2016-01-04 11:16:38'),(140,83,48,'1',118,'2016-01-04 21:10:52','2016-01-04 21:10:52'),(141,84,50,'1',119,'2016-01-04 21:24:07','2016-01-04 21:24:07'),(142,35,50,'1',120,'2016-01-05 08:07:03','2016-01-05 08:07:03'),(143,86,50,'1',121,'2016-01-05 08:15:16','2016-01-05 08:15:16'),(144,87,50,'1',122,'2016-01-05 10:19:21','2016-01-05 10:19:21'),(145,89,53,'1',123,'2016-01-06 12:18:38','2016-01-06 12:18:38'),(146,89,28,'1',124,'2016-01-06 12:29:26','2016-01-06 12:29:26'),(147,90,1,'1',125,'2016-01-06 19:48:31','2016-01-06 19:48:31'),(148,92,1,'1',126,'2016-01-07 05:49:30','2016-01-07 05:49:30'),(150,91,1,'1',128,'2016-01-07 07:55:47','2016-01-07 07:55:47'),(151,94,1,'1',129,'2016-01-08 09:46:52','2016-01-08 09:46:52'),(152,98,41,'1',130,'2016-01-10 22:14:31','2016-01-10 22:14:31'),(153,99,33,'1',131,'2016-01-10 22:27:48','2016-01-10 22:27:48'),(154,99,38,'1',132,'2016-01-10 22:28:46','2016-01-10 22:28:46'),(155,36,33,'1',133,'2016-01-11 02:09:22','2016-03-25 08:42:40'),(157,100,43,'1',135,'2016-01-11 18:08:26','2016-01-11 18:08:26'),(158,99,39,'1',136,'2016-01-12 14:07:23','2016-01-12 14:07:23'),(159,95,1,'1',137,'2016-01-13 07:31:00','2016-01-13 07:31:00'),(160,55,38,'1',138,'2016-01-13 10:56:20','2016-01-13 10:56:20'),(161,35,1,'1',139,'2016-01-13 13:57:39','2016-01-13 13:57:39'),(162,102,33,'1',140,'2016-01-13 14:10:06','2016-01-13 14:10:06'),(163,102,1,'1',141,'2016-01-13 14:16:54','2016-01-13 14:16:54'),(164,102,58,'1',142,'2016-01-13 14:31:54','2016-01-13 14:31:54'),(165,102,50,'1',143,'2016-01-13 14:36:55','2016-01-13 14:36:55'),(166,35,58,'1',144,'2016-01-13 15:00:31','2016-01-13 15:00:31'),(168,78,33,'1',146,'2016-01-13 15:13:04','2016-01-13 15:13:04'),(169,97,58,'1',147,'2016-01-13 18:41:47','2016-01-13 18:41:47'),(170,97,33,'1',148,'2016-01-13 19:08:43','2016-01-13 19:08:43'),(172,104,1,'1',150,'2016-01-14 04:03:46','2016-01-14 04:03:46'),(173,55,40,'1',151,'2016-01-14 04:06:36','2016-01-14 04:06:36'),(174,55,48,'1',152,'2016-01-14 05:03:39','2016-01-14 05:03:39'),(175,97,1,'1',153,'2016-01-14 13:13:15','2016-01-14 13:13:15'),(176,103,51,'1',154,'2016-01-14 14:24:11','2016-01-14 14:24:11'),(177,103,49,'1',155,'2016-01-14 14:40:41','2016-01-14 14:40:41'),(178,103,58,'1',156,'2016-01-14 14:47:34','2016-01-14 14:47:34'),(181,107,58,'1',159,'2016-01-18 22:08:29','2016-01-18 22:08:29'),(182,106,58,'1',160,'2016-01-18 22:22:16','2016-01-18 22:22:16'),(183,106,51,'1',161,'2016-01-18 22:39:28','2016-01-18 22:39:28'),(184,108,58,'1',162,'2016-01-18 22:42:24','2016-01-18 22:42:24'),(185,108,60,'1',163,'2016-01-18 23:14:21','2016-01-18 23:14:21'),(186,109,60,'1',164,'2016-01-18 23:55:23','2016-01-18 23:55:23'),(187,55,61,'1',165,'2016-01-19 00:45:47','2016-01-19 00:45:47'),(188,95,44,'1',166,'2016-01-19 08:12:27','2016-01-19 08:12:27'),(189,110,39,'1',167,'2016-01-19 08:53:54','2016-01-19 08:53:54'),(190,95,33,'1',168,'2016-01-19 11:24:27','2016-01-19 11:24:27'),(191,95,52,'1',169,'2016-01-19 11:25:58','2016-01-19 11:25:58'),(192,111,50,'1',170,'2016-01-19 16:21:18','2016-01-19 16:21:18'),(194,55,39,'1',172,'2016-01-20 05:26:25','2016-01-20 05:26:25'),(195,113,50,'1',173,'2016-01-20 07:17:51','2016-01-20 07:17:51'),(196,111,33,'1',174,'2016-01-20 07:52:27','2016-01-20 07:52:27'),(197,114,50,'1',175,'2016-01-20 08:07:29','2016-01-20 08:07:29'),(198,62,63,'1',176,'2016-01-21 09:34:01','2016-01-21 09:34:01'),(199,62,62,'1',177,'2016-01-21 09:34:16','2016-01-21 09:34:16'),(200,111,63,'1',178,'2016-01-21 09:45:34','2016-01-21 09:45:34'),(201,121,33,'1',179,'2016-01-21 19:21:28','2016-01-21 19:21:28'),(202,123,43,'1',180,'2016-01-22 06:10:10','2016-01-22 06:10:10'),(203,123,61,'1',181,'2016-01-22 06:35:02','2016-01-22 06:35:02'),(204,123,42,'1',182,'2016-01-22 06:57:44','2016-01-22 06:57:44'),(205,124,67,'1',183,'2016-01-22 07:49:17','2016-01-22 07:49:17'),(206,125,67,'1',184,'2016-01-22 09:14:32','2016-01-22 09:14:32'),(207,111,67,'1',185,'2016-01-22 10:38:20','2016-01-22 10:38:20'),(208,111,39,'1',186,'2016-01-22 10:39:51','2016-01-22 10:39:51'),(209,123,39,'1',187,'2016-01-25 09:39:56','2016-01-25 09:39:56'),(210,124,68,'1',188,'2016-01-25 19:08:12','2016-01-25 19:08:12'),(211,124,62,'1',189,'2016-01-26 06:41:12','2016-01-26 06:41:12'),(212,126,68,'1',190,'2016-01-26 07:13:03','2016-01-26 07:13:03'),(213,124,69,'1',191,'2016-01-26 09:22:21','2016-01-26 09:22:21'),(214,124,39,'1',192,'2016-01-26 09:23:52','2016-01-26 09:23:52'),(215,128,67,'1',193,'2016-01-26 11:33:25','2016-01-26 11:33:25'),(216,35,67,'1',194,'2016-01-26 11:49:34','2016-01-26 11:49:34'),(217,129,67,'1',195,'2016-01-26 11:58:29','2016-01-26 11:58:29'),(218,129,61,'1',196,'2016-01-26 12:05:17','2016-01-26 12:05:17'),(219,35,60,'1',197,'2016-01-26 19:35:17','2016-01-26 19:35:17'),(220,129,60,'1',198,'2016-01-26 20:03:46','2016-01-26 20:03:46'),(221,129,70,'1',199,'2016-01-26 20:30:34','2016-01-26 20:30:34'),(223,128,33,'1',201,'2016-01-27 04:54:43','2016-01-27 04:54:43'),(226,35,33,'1',204,'2016-01-27 08:53:16','2016-01-27 08:53:16'),(227,129,33,'1',205,'2016-01-27 08:57:36','2016-01-27 08:57:36'),(228,129,71,'1',206,'2016-01-27 11:52:04','2016-01-27 11:52:04'),(230,126,39,'1',208,'2016-01-28 08:52:27','2016-01-28 08:52:27'),(231,129,44,'1',209,'2016-01-28 12:13:14','2016-01-28 12:13:14'),(232,129,39,'1',210,'2016-01-28 12:26:59','2016-01-28 12:26:59'),(234,129,72,'1',212,'2016-01-29 14:34:53','2016-02-16 07:59:49'),(235,35,72,'1',0,'2016-01-29 14:38:03','2016-01-29 14:38:03'),(237,132,43,'1',215,'2016-02-02 07:36:22','2016-02-02 07:36:22'),(239,62,43,'1',217,'2016-02-02 12:04:18','2016-02-02 12:04:18'),(242,50,44,'1',220,'2016-02-05 08:56:17','2016-02-05 08:56:17'),(243,50,73,'1',221,'2016-02-05 12:10:21','2016-02-16 06:52:56'),(244,135,73,'1',222,'2016-02-07 12:45:43','2016-02-07 12:45:43'),(245,141,72,'1',223,'2016-02-08 06:28:02','2016-02-16 08:09:44'),(246,140,73,'1',224,'2016-02-08 10:17:37','2016-02-17 11:23:39'),(247,140,72,'1',225,'2016-02-08 10:40:43','2016-02-16 05:17:21'),(248,142,71,'1',226,'2016-02-16 08:28:32','2016-02-16 08:29:02'),(249,143,67,'1',227,'2016-02-17 03:53:40','2016-02-17 03:53:40'),(250,142,73,'1',228,'2016-03-18 14:53:28','2016-03-25 12:12:21'),(251,142,1,'1',229,'2016-03-19 10:04:24','2016-03-19 10:04:24'),(252,147,73,'1',230,'2016-03-19 15:08:30','2016-03-19 15:08:30'),(253,147,73,'1',231,'2016-03-19 15:08:47','2016-03-19 15:08:47'),(254,147,67,'1',232,'2016-03-19 15:09:28','2016-03-19 15:09:28'),(255,147,67,'1',233,'2016-03-19 15:58:44','2016-03-19 15:58:44'),(256,147,44,'1',234,'2016-03-19 16:00:16','2016-03-19 16:00:16'),(257,147,44,'1',235,'2016-03-19 16:01:03','2016-03-19 16:01:03'),(258,147,62,'1',236,'2016-03-19 16:14:12','2016-03-19 16:14:12'),(259,147,67,'1',237,'2016-03-19 16:14:38','2016-03-19 16:14:38'),(260,141,73,'1',238,'2016-03-19 17:12:30','2016-03-19 17:12:30'),(261,142,44,'1',239,'2016-03-19 18:48:40','2016-03-19 18:48:40'),(262,142,44,'1',240,'2016-03-19 18:49:31','2016-03-21 10:11:14'),(263,62,67,'1',241,'2016-03-21 07:13:09','2016-03-21 10:11:51'),(264,62,73,'1',242,'2016-03-21 10:17:57','2016-03-21 10:17:57'),(265,142,33,'1',243,'2016-03-21 14:47:02','2016-03-21 14:47:02'),(266,148,67,'1',244,'2016-03-24 07:29:44','2016-03-24 07:29:44'),(267,142,67,'1',245,'2016-03-24 11:34:29','2016-03-24 11:34:29'),(268,142,43,'1',246,'2016-03-24 22:39:58','2016-03-25 14:38:12'),(269,152,73,'1',247,'2016-03-25 11:03:23','2016-03-25 11:13:32'),(270,152,63,'1',248,'2016-03-25 11:22:39','2016-03-25 11:24:03'),(271,155,67,'1',249,'2016-03-25 16:25:13','2016-03-25 16:25:13'),(272,156,67,'1',250,'2016-03-25 16:27:11','2016-03-25 16:27:11'),(273,157,67,'1',251,'2016-03-25 16:38:52','2016-03-25 16:38:52');
/*!40000 ALTER TABLE `application` ENABLE KEYS */;
UNLOCK TABLES;

--
-- Table structure for table `candidate`
--

DROP TABLE IF EXISTS `candidate`;
/*!40101 SET @saved_cs_client     = @@character_set_client */;
/*!40101 SET character_set_client = utf8 */;
CREATE TABLE `candidate` (
  `id` int(11) NOT NULL AUTO_INCREMENT,
  `user_id` int(11) NOT NULL,
  `phone_number` varchar(20) DEFAULT NULL,
  `address` text,
  `address_co` varchar(255) DEFAULT NULL,
  `zip_code` varchar(15) DEFAULT NULL,
  `city` varchar(255) DEFAULT NULL,
  `country` char(2) DEFAULT NULL,
  `gender` char(1) DEFAULT NULL,
  `day` char(2) DEFAULT NULL,
  `month` char(2) DEFAULT NULL,
  `year` char(4) DEFAULT NULL,
  `bank_name` varchar(255) DEFAULT NULL,
  `account` varchar(255) DEFAULT NULL,
  `notes` text,
  `pitch` text,
  `person_number` varchar(255) DEFAULT NULL,
  `clearing_number` varchar(255) DEFAULT NULL,
  `car_driver_license` char(1) NOT NULL DEFAULT '0' COMMENT '0 - no, 1 - yes',
  `image` text,
  `candidate_rating` float NOT NULL DEFAULT '0',
  `status` char(1) NOT NULL DEFAULT '1' COMMENT '1- enabled, 2 - deleted',
  `created` datetime NOT NULL,
  `modified` datetime NOT NULL,
  `user_country` char(2) DEFAULT NULL,
  PRIMARY KEY (`id`),
  KEY `modified` (`modified`),
  KEY `modified_2` (`modified`)
) ENGINE=InnoDB AUTO_INCREMENT=142 DEFAULT CHARSET=latin1;
/*!40101 SET character_set_client = @saved_cs_client */;

--
-- Dumping data for table `candidate`
--

LOCK TABLES `candidate` WRITE;
/*!40000 ALTER TABLE `candidate` DISABLE KEYS */;
INSERT INTO `candidate` VALUES (2,16,NULL,NULL,NULL,NULL,NULL,NULL,'M',NULL,NULL,NULL,NULL,NULL,NULL,NULL,NULL,NULL,'0',NULL,0,'1','2015-11-16 03:15:39','2015-11-16 03:15:39',NULL),(3,3,'123456789','1 Lawn Street',NULL,'SLG 123','London','SG','M',NULL,NULL,NULL,'Bank 123','Acc 123','This is a note','Lorem Ipsum Doler','1231232121','Clear 123','0',NULL,3,'1','2015-11-16 03:16:22','2015-12-09 10:42:19','SG'),(4,18,'123456','19-5/2, Sagara Road,','','00944','Colombo 4',NULL,'M',NULL,NULL,NULL,NULL,NULL,'',NULL,NULL,NULL,'0',NULL,0,'1','2015-11-16 03:18:45','2015-12-09 08:29:19',NULL),(5,19,NULL,NULL,NULL,NULL,NULL,NULL,'M',NULL,NULL,NULL,NULL,NULL,NULL,NULL,NULL,NULL,'0',NULL,0,'1','2015-11-16 12:11:23','2015-11-16 12:11:23',NULL),(6,20,NULL,NULL,NULL,NULL,NULL,NULL,'M',NULL,NULL,NULL,NULL,NULL,NULL,NULL,NULL,NULL,'0',NULL,0,'1','2015-11-16 12:12:16','2015-11-16 12:12:16',NULL),(7,21,NULL,NULL,NULL,NULL,NULL,NULL,'M',NULL,NULL,NULL,NULL,NULL,NULL,NULL,NULL,NULL,'0',NULL,0,'1','2015-11-16 12:14:16','2015-11-16 12:14:16',NULL),(8,22,NULL,NULL,NULL,NULL,NULL,NULL,'M',NULL,NULL,NULL,NULL,NULL,NULL,NULL,NULL,NULL,'0',NULL,0,'1','2015-11-16 12:14:59','2015-11-16 12:14:59',NULL),(9,23,NULL,NULL,NULL,NULL,NULL,NULL,'M',NULL,NULL,NULL,NULL,NULL,NULL,NULL,NULL,NULL,'0',NULL,0,'1','2015-11-16 17:35:25','2015-11-16 17:35:25',NULL),(10,24,NULL,NULL,NULL,NULL,NULL,NULL,'M',NULL,NULL,NULL,NULL,NULL,NULL,NULL,NULL,NULL,'0',NULL,0,'1','2015-11-16 17:35:51','2015-11-16 17:35:51',NULL),(11,27,NULL,NULL,NULL,NULL,NULL,NULL,'M',NULL,NULL,NULL,NULL,NULL,NULL,NULL,NULL,NULL,'0',NULL,0,'1','2015-11-18 06:48:50','2015-11-18 06:48:50',NULL),(12,28,NULL,NULL,NULL,NULL,NULL,NULL,'M',NULL,NULL,NULL,NULL,NULL,NULL,NULL,NULL,NULL,'0',NULL,0,'1','2015-11-18 12:58:23','2015-11-18 12:58:23',NULL),(13,29,NULL,NULL,NULL,NULL,NULL,NULL,'M',NULL,NULL,NULL,NULL,NULL,NULL,NULL,NULL,NULL,'0',NULL,0,'1','2015-12-09 04:48:12','2015-12-09 04:48:12',NULL),(14,30,'','','','','',NULL,'M',NULL,NULL,NULL,NULL,NULL,'',NULL,NULL,NULL,'0',NULL,0,'1','2015-12-09 04:49:02','2015-12-10 02:38:22',NULL),(15,31,'0739456969','','Wall street 100','182838','new york','0','F',NULL,NULL,NULL,'Skandia','1234567890','',NULL,'82050385501','1234','0',NULL,0,'1','2015-12-09 04:50:38','2015-12-09 04:50:38','SE'),(16,32,NULL,NULL,NULL,NULL,NULL,NULL,'M',NULL,NULL,NULL,NULL,NULL,NULL,NULL,NULL,NULL,'0',NULL,0,'1','2015-12-09 13:11:23','2015-12-09 13:11:23',NULL),(17,33,NULL,NULL,NULL,NULL,NULL,NULL,'M',NULL,NULL,NULL,NULL,NULL,NULL,NULL,NULL,NULL,'0',NULL,0,'1','2015-12-09 13:11:47','2015-12-09 13:11:47',NULL),(18,34,'','','','','','0','M',NULL,NULL,NULL,'','','',NULL,'123456','','0',NULL,0,'1','2015-12-15 06:39:35','2015-12-15 06:39:35','SE'),(20,36,'07154242423','No 1','Street1','123','Colombo ','LK','F',NULL,NULL,NULL,'Abc Babk','0909090909****','','i am a good worker.ghhh fghh ggu gyhh hhhhjf ghjjj gghjjfg hgjfhj hujgnj ghfhj hfgjjhx etui dhehk sryj ghhb','70896523148668','08080808','0','1452762950.jpg',4,'1','2015-12-15 11:38:21','2015-12-15 11:38:21','LK'),(23,39,'',NULL,'','','',NULL,'M',NULL,NULL,NULL,'','111111112222',NULL,'','123451111','','1',NULL,0,'1','2015-12-16 05:30:04','2015-12-16 05:30:04',''),(24,40,'1345678','Test0ss','Street 01','444444','Col','0','M',NULL,NULL,NULL,'Hsbc Lk','445588996611',NULL,'test','3455566667','123456789111','1','',0,'1','2015-12-16 12:55:08','2015-12-16 12:55:08','SE'),(25,41,'','Teeee','Tet','6000','Nowa','0','M',NULL,NULL,NULL,'','',NULL,'12345','','','1',NULL,0,'1','2015-12-16 13:00:16','2015-12-16 13:00:16','SE'),(26,42,'1255386',NULL,'Castle street','7374','Borella','LK','M','13','1','1986','Seylon Bank','748737338',NULL,'test',NULL,'7374','1','https://graph.facebook.com/10153191807827314/picture?type=normal',0,'1','2015-12-16 16:35:04','2015-12-16 16:35:04','LK'),(27,43,'14785236',NULL,'Yellow brick road','12356','PN','0','M',NULL,NULL,NULL,'','',NULL,' sell a fridge in ice land','11223344','','1',NULL,0,'1','2015-12-17 00:22:32','2015-12-17 00:22:32','LK'),(28,44,NULL,NULL,NULL,NULL,NULL,'0','M',NULL,NULL,NULL,NULL,NULL,NULL,NULL,NULL,NULL,'0',NULL,0,'1','2015-12-17 10:11:17','2015-12-17 10:11:17',NULL),(29,45,'',NULL,'','','',NULL,'F',NULL,NULL,NULL,NULL,NULL,NULL,'','',NULL,'0',NULL,0,'1','2015-12-17 17:19:33','2015-12-17 17:19:33',''),(30,46,'332211',NULL,'Maple street','','','SE','F',NULL,NULL,NULL,'HSBC bank PLC','1234567890',NULL,'','11****','12345','1',NULL,0,'1','2015-12-17 18:35:15','2015-12-17 18:35:15','SE'),(31,47,'0739456969',NULL,'Wall street 1001','new york','','0','M',NULL,NULL,NULL,'Skandia','1234567890',NULL,'007','8205038550','1234','1',NULL,0,'1','2015-12-17 18:58:12','2015-12-17 18:58:12','Sw'),(32,48,NULL,NULL,NULL,NULL,NULL,'0','M',NULL,NULL,NULL,NULL,NULL,NULL,NULL,NULL,NULL,'0',NULL,0,'1','2015-12-17 21:49:10','2015-12-17 21:49:10',NULL),(34,50,'0789654123',NULL,'Street','0080','Malabe','LK','F','28','08','1984','Abc','321654987','','hire me',NULL,'124578','1','https://graph.facebook.com/10154459543516632/picture?type=normal',5,'1','2015-12-18 09:40:05','2015-12-18 09:40:05','LK'),(35,51,'6666666','222222','333333','4444444','555555','BS','M',NULL,NULL,NULL,'11111','333333333',NULL,'111111','7777777','222222','1',NULL,0,'1','2015-12-18 11:07:19','2015-12-18 11:07:19','BS'),(37,53,NULL,NULL,NULL,NULL,NULL,'SE','M',NULL,NULL,NULL,NULL,NULL,NULL,NULL,NULL,NULL,'0',NULL,0,'1','2015-12-19 06:21:32','2015-12-19 06:21:32',NULL),(39,55,'',NULL,'','','','AM','F',NULL,NULL,NULL,'','123456789',NULL,'TWST','123456789','','0','1453436757.jpg',0,'1','2015-12-19 10:21:51','2015-12-19 10:21:51','AM'),(40,56,'123123','1street','','123','Stockhm','Bu','M',NULL,NULL,NULL,'Sample Bank','33996852','','aaaaas','123456****','5553369988','0',NULL,0,'1','2015-12-19 10:40:19','2015-12-19 10:40:19','Bu'),(41,57,'07394659691','A1','Freyvägen 2c1','133381','Saltsjöbaden1','SZ','',NULL,NULL,NULL,'Skandiabanken1','1234567890','Bravo!','Im the man hehe jdjzjs sjsjsj sjqjsjw jsjsjwj sjsjsjsj sksjsjsjs sjsjsjsjs wjsjsjsvw wjsjsjqj sjwjsjs sjsjsjsj sjscsv ãæä åö','8205038550','12341','1','1452477983.jpg',5,'1','2015-12-20 07:06:23','2015-12-20 07:06:23','SZ'),(42,58,'','','','','','','M',NULL,NULL,NULL,NULL,NULL,NULL,'','',NULL,'0',NULL,0,'1','2015-12-20 13:56:36','2015-12-20 13:56:36',''),(43,59,'','','','','','','M',NULL,NULL,NULL,'Skandia','1234567890',NULL,'hej','','12345','0',NULL,0,'1','2015-12-20 14:20:29','2015-12-20 14:20:29',''),(44,60,'','','','','Malmö','SE','M',NULL,NULL,NULL,'','','','Enter Pitch Text','8205548524','','1',NULL,3,'1','2015-12-20 17:30:35','2015-12-20 17:30:35','SE'),(46,62,'0736259000528','','Hovslagargatan 5a','11588','Stockholm','SE','M',NULL,NULL,NULL,'Swedbank','555888880****','Bra kille ','I motsättning till vad många tror, är inte Lorem Ipsum slumvisa ord. Det har sina rötter i ett stycke klassiskt litteratur på latin från 45 år före år 0, och är alltså över 2000 år gammalt. Richard McClintock, en professor i latin på Hampden-Sydney College i Virginia, översatte ett av de mer ovanliga orden, consectetur, från ett stycke Lorem Ipsum och fann dess ursprung genom att studera användningen av dessa ord i klassisk litteratur. Lorem Ipsum kommer från styckena 1.10.32 och 1.10.33 av \"de Finibus Bonorum et Malorum\" (Ytterligheterna av ont och gott) av Cicero, skriven 45 före år 0. Boken är en avhandling i teorier om etik, och var väldigt populär under renäsanssen. Den inledande meningen i Lorem Ipsum, \"Lorem Ipsum dolor sit amet...\", kommer från stycke 1.10.32.\n\nDen ursprungliga Lorem Ipsum-texten från 1500-talet är återgiven nedan för de intresserade. Styckena 1.10.32 och 1.10.33 från \"de Finibus Bonorum et Malorum\" av Cicero hittar du också i deras originala form, åtföljda av de engelska översättningarna av H. Rackham från 1914.','19820216****','58811','0','1454418261.jpg',5,'1','2015-12-21 10:05:33','2016-02-01 04:25:50','SE'),(47,63,'0739465969','Cot','Frövägen 2c','13338','Salt','','M',NULL,NULL,NULL,'Skandia2','123456****','','Antone\n','8205038550','12345','0',NULL,5,'1','2015-12-21 11:43:56','2015-12-21 11:43:56',''),(48,52,'','','','','','SE','M',NULL,NULL,NULL,'','','',NULL,'','','0',NULL,0,'1','0000-00-00 00:00:00','0000-00-00 00:00:00','SE'),(49,1,NULL,NULL,NULL,NULL,NULL,NULL,'M',NULL,NULL,NULL,NULL,NULL,NULL,NULL,NULL,NULL,'0',NULL,0,'1','0000-00-00 00:00:00','0000-00-00 00:00:00',NULL),(50,64,NULL,NULL,NULL,NULL,NULL,'SE','M',NULL,NULL,NULL,NULL,NULL,NULL,NULL,NULL,NULL,'0',NULL,0,'1','2015-12-22 08:51:35','2015-12-22 08:51:35',NULL),(51,65,NULL,NULL,NULL,NULL,NULL,'SE','M',NULL,NULL,NULL,NULL,NULL,NULL,NULL,NULL,NULL,'0',NULL,0,'1','2015-12-22 08:52:05','2015-12-22 08:52:05',NULL),(52,66,NULL,NULL,NULL,NULL,NULL,'SE','M',NULL,NULL,NULL,NULL,NULL,NULL,NULL,NULL,NULL,'0',NULL,0,'1','2015-12-22 08:53:30','2015-12-22 08:53:30',NULL),(53,67,NULL,NULL,NULL,NULL,NULL,'SE','M',NULL,NULL,NULL,NULL,NULL,NULL,NULL,NULL,NULL,'0',NULL,0,'1','2015-12-22 08:54:10','2015-12-22 08:54:10',NULL),(54,68,NULL,NULL,NULL,NULL,NULL,'SE','M',NULL,NULL,NULL,NULL,NULL,NULL,NULL,NULL,NULL,'0',NULL,0,'1','2015-12-22 17:08:21','2015-12-22 17:08:21',NULL),(55,69,NULL,NULL,NULL,NULL,NULL,'SE','M',NULL,NULL,NULL,NULL,NULL,NULL,NULL,NULL,NULL,'0',NULL,0,'1','2015-12-22 17:11:43','2015-12-22 17:11:43',NULL),(56,70,NULL,NULL,NULL,NULL,NULL,'SE','M',NULL,NULL,NULL,NULL,NULL,NULL,NULL,NULL,NULL,'0',NULL,0,'1','2015-12-22 17:18:19','2015-12-22 17:18:19',NULL),(57,71,'',NULL,NULL,NULL,NULL,NULL,'M',NULL,NULL,NULL,NULL,NULL,NULL,NULL,'',NULL,'',NULL,0,'1','2015-12-22 19:22:59','2015-12-22 19:22:59',NULL),(58,72,NULL,NULL,NULL,NULL,NULL,'SE','M',NULL,NULL,NULL,NULL,NULL,NULL,NULL,NULL,NULL,'0',NULL,0,'1','2015-12-22 19:26:23','2015-12-22 19:26:23',NULL),(59,73,'07394659692','Anton Lundberg2','Freyvägen 2c2','133382','Saltsjöbaden2','SJ','F',NULL,NULL,NULL,'Skandia2','12345678902','Master!','I\'m a queen1','82050385502','12342','0','',5,'1','2015-12-22 23:37:42','2015-12-22 23:37:42','SJ'),(60,74,'0774561234','Union place','Colombo 02','6000','Col','LK','M',NULL,NULL,NULL,'Hsbc','48888888888',NULL,'test','4578912222','4568888','1','',0,'1','2015-12-23 02:31:15','2015-12-23 02:31:15','LK'),(61,75,'','','','','','','M',NULL,NULL,NULL,NULL,NULL,NULL,'Hejsan\n','',NULL,'0',NULL,0,'1','2015-12-23 13:38:03','2015-12-23 13:38:03',''),(62,76,'','','','','','','F',NULL,NULL,NULL,NULL,NULL,NULL,'Enter Pitch Text','',NULL,'0',NULL,0,'1','2015-12-23 16:15:37','2015-12-23 16:15:37',''),(63,77,'','','','','','SE','M',NULL,NULL,NULL,'','','',NULL,'','','0',NULL,3,'1','2015-12-25 09:58:02','2015-12-25 09:58:02','SE'),(64,78,NULL,NULL,NULL,NULL,NULL,'SE','M',NULL,NULL,NULL,NULL,NULL,NULL,NULL,NULL,NULL,'0',NULL,0,'1','2016-01-03 10:47:42','2016-01-03 10:47:42',NULL),(65,79,NULL,NULL,NULL,NULL,NULL,'SE','M',NULL,NULL,NULL,NULL,NULL,NULL,NULL,NULL,NULL,'0',NULL,0,'1','2016-01-03 11:17:11','2016-01-03 11:17:11',NULL),(66,80,NULL,NULL,NULL,NULL,NULL,'SE','M',NULL,NULL,NULL,NULL,NULL,NULL,NULL,NULL,NULL,'0',NULL,0,'1','2016-01-04 01:57:34','2016-01-04 01:57:34',NULL),(67,81,'','','','','','','F',NULL,NULL,NULL,'','',NULL,'Enter Pitch Text','','','0',NULL,0,'1','2016-01-04 20:25:00','2016-01-04 20:25:00',''),(68,82,NULL,NULL,NULL,NULL,NULL,'SE','M',NULL,NULL,NULL,NULL,NULL,NULL,NULL,NULL,NULL,'0',NULL,0,'1','2016-01-04 20:56:39','2016-01-04 20:56:39',NULL),(69,83,NULL,NULL,NULL,NULL,NULL,'SE','M',NULL,NULL,NULL,NULL,NULL,NULL,NULL,NULL,NULL,'0',NULL,0,'1','2016-01-04 21:10:23','2016-01-04 21:10:23',NULL),(70,84,NULL,NULL,NULL,NULL,NULL,'SE','M',NULL,NULL,NULL,NULL,NULL,NULL,NULL,NULL,NULL,'0',NULL,0,'1','2016-01-04 21:18:06','2016-01-04 21:18:06',NULL),(71,85,'67675867','Jfjffjfjfj','Djdjdjd','Djdjdjfjf','Djdjdjd','DZ','M',NULL,NULL,NULL,NULL,NULL,NULL,'Jfjffjfjfj','454546',NULL,'1',NULL,0,'1','2016-01-05 06:13:31','2016-01-05 06:13:31','DZ'),(72,86,NULL,NULL,NULL,NULL,NULL,'SE','M',NULL,NULL,NULL,NULL,NULL,NULL,NULL,NULL,NULL,'0',NULL,0,'1','2016-01-05 08:15:03','2016-01-05 08:15:03',NULL),(73,87,NULL,NULL,NULL,NULL,NULL,'SE','M',NULL,NULL,NULL,NULL,NULL,NULL,NULL,NULL,NULL,'0',NULL,0,'1','2016-01-05 10:08:50','2016-01-05 10:08:50',NULL),(74,88,NULL,NULL,NULL,NULL,NULL,'SE','M',NULL,NULL,NULL,NULL,NULL,NULL,NULL,NULL,NULL,'0',NULL,0,'1','2016-01-05 10:50:23','2016-01-05 10:50:23',NULL),(75,89,NULL,NULL,NULL,NULL,NULL,'SE','M',NULL,NULL,NULL,NULL,NULL,NULL,NULL,NULL,NULL,'0',NULL,0,'1','2016-01-06 12:18:08','2016-01-06 12:18:08',NULL),(76,90,'','Anton Lundberg 22','','','','','M',NULL,NULL,NULL,NULL,NULL,NULL,'Hej jag heter Anton Lundberg och jobbar på codebuilders talesman Skanska Skanska snananana sammansmalt lamslagnas snananana lamslagnas snananana anslagstavla snananana \nsnananana snanananam anananan \nKl\n\n','',NULL,'0',NULL,0,'1','2016-01-06 19:45:56','2016-01-06 19:45:56',''),(77,91,'073945969','Freyvägen','Freyvägen','13338','Salt','AL','M',NULL,NULL,NULL,NULL,NULL,NULL,'Hej','82053868',NULL,'1',NULL,0,'1','2016-01-06 22:18:00','2016-01-06 22:18:00','AL'),(78,92,NULL,NULL,NULL,NULL,NULL,'SE','M',NULL,NULL,NULL,NULL,NULL,NULL,NULL,NULL,NULL,'0',NULL,0,'1','2016-01-07 05:46:51','2016-01-07 05:46:51',NULL),(79,93,NULL,NULL,NULL,NULL,NULL,'SE','M',NULL,NULL,NULL,NULL,NULL,NULL,NULL,NULL,NULL,'0',NULL,0,'1','2016-01-07 08:33:54','2016-01-07 08:33:54',NULL),(80,94,'','','','','','','',NULL,NULL,NULL,NULL,NULL,NULL,'Enter Pitch Text','',NULL,'0','1452249364.jpg',0,'1','2016-01-08 09:41:44','2016-01-08 09:41:44',''),(81,95,'','','','','aaaaaaa','LK','M',NULL,NULL,NULL,'','','','','','','0','1452854018.jpg',0,'1','2016-01-09 13:30:07','2016-01-29 07:33:46','LK'),(82,96,NULL,NULL,NULL,NULL,NULL,'SE',NULL,NULL,NULL,NULL,NULL,NULL,NULL,NULL,NULL,NULL,'0',NULL,0,'1','2016-01-09 17:24:52','2016-01-09 17:24:52',NULL),(83,97,'0739465969','Co','Freu','13463','Salt','SE','M',NULL,NULL,NULL,'Skandiaa','123456****','ölöld','Me','8205038550','98765','1','1452871413.jpg',4,'1','2016-01-10 11:52:40','2016-01-10 11:52:40','SE'),(84,98,'','','','','','AL','M',NULL,NULL,NULL,NULL,NULL,NULL,'Enter Pitch Text','',NULL,'0','1452471114.jpg',0,'1','2016-01-10 22:14:07','2016-01-10 22:14:07','AL'),(85,99,'','','','','','','',NULL,NULL,NULL,NULL,NULL,NULL,'Enter Pitch Text','',NULL,'0','1452470762.jpg',0,'1','2016-01-10 22:21:42','2016-01-10 22:21:42',''),(86,100,'','','','','','','',NULL,NULL,NULL,'','',NULL,'Enter Pitch Text','','','0','1452536080.jpg',0,'1','2016-01-11 18:07:32','2016-01-11 18:07:32',''),(88,102,NULL,NULL,NULL,NULL,NULL,'SE',NULL,NULL,NULL,NULL,NULL,NULL,NULL,NULL,NULL,NULL,'0',NULL,0,'1','2016-01-13 14:02:31','2016-01-13 14:02:31',NULL),(89,103,'','','','','','SE','M',NULL,NULL,NULL,'','','','','','','0','1452782738.jpg',5,'1','2016-01-13 20:10:20','2016-01-13 20:10:20','SE'),(90,104,NULL,NULL,NULL,NULL,NULL,'SE',NULL,NULL,NULL,NULL,NULL,NULL,NULL,NULL,NULL,NULL,'0',NULL,0,'1','2016-01-14 03:56:15','2016-01-14 03:56:15',NULL),(91,105,NULL,NULL,NULL,NULL,NULL,'SE',NULL,NULL,NULL,NULL,NULL,NULL,NULL,NULL,NULL,NULL,'0',NULL,0,'1','2016-01-14 09:04:12','2016-01-14 09:04:12',NULL),(92,106,'','','','','','','F',NULL,NULL,NULL,'Skandia2','123456****',NULL,'Enter Pitch Text','','1234','0','1453156765.jpg',0,'1','2016-01-18 21:38:15','2016-01-18 21:38:15',''),(93,107,'460739465969','Freyvägen 2c','Freyvägen 2c','13338','Saltsjöbaden','SE','M',NULL,NULL,NULL,'skandia','1234567890','He is the king!','Anton is kung','9205038551','1234','1','1453155489.jpg',5,'1','2016-01-18 21:43:03','2016-01-18 21:43:03','SE'),(94,108,NULL,NULL,NULL,NULL,NULL,'SE',NULL,NULL,NULL,NULL,NULL,NULL,NULL,NULL,NULL,NULL,'0','1453156934.jpg',0,'1','2016-01-18 22:41:59','2016-01-18 22:41:59',NULL),(95,109,'0739465969','Co','Dreyvägem ','13328','Salt','SE','M',NULL,NULL,NULL,NULL,NULL,NULL,'Hwj\nHej\nHej','8205038550',NULL,'1','1453163906.jpg',0,'1','2016-01-18 23:34:35','2016-01-18 23:34:35','SE'),(96,110,'','','','','','','M',NULL,NULL,NULL,'','1234567891',NULL,'Enter Pitch Text','84545464464656','','0',NULL,0,'1','2016-01-19 04:52:58','2016-01-19 04:52:58',''),(97,111,'0739465969','Freyvägen 2c','Freyvägen 2c','13338','Salt','SE','M',NULL,NULL,NULL,'Skandiabanken','1234567890',NULL,'Anton is king\nZndksksk\nSksksksksk\nSksksksksk\nSkskskqkqk\nSkskskqks\nSkakqoqkq\nAkakqoqo\nDldkskzksl\nSkskskslallsls\nSnsksnsmzls\nZksnslslskz\nZlsldlsmsms\n','8205038550','01234','1','1453369561.jpg',0,'1','2016-01-19 16:16:12','2016-01-19 16:16:12','SE'),(98,112,'','','','','','SE','',NULL,NULL,NULL,'7655757','','Great!',NULL,'','','0',NULL,5,'1','2016-01-19 23:52:48','2016-01-26 21:40:35','SE'),(99,113,'07394659691','','','','','','M',NULL,NULL,NULL,'Skandia2','12345****',NULL,'Enter Pitch Text','','1234','0','1453274780.jpg',0,'1','2016-01-20 07:15:07','2016-01-20 07:15:07',''),(100,114,'','','','','','','',NULL,NULL,NULL,'Sampath new','12345****',NULL,'Enter Pitch Text','','1234123','0',NULL,0,'1','2016-01-20 08:07:14','2016-01-20 08:07:14',''),(101,115,NULL,NULL,NULL,NULL,NULL,'SE',NULL,NULL,NULL,NULL,'Sampath','12312312****',NULL,NULL,NULL,'123456','0',NULL,0,'1','2016-01-21 07:08:25','2016-01-21 07:08:25',NULL),(102,116,NULL,NULL,NULL,NULL,NULL,'SE',NULL,NULL,NULL,NULL,'Sampath','12345****',NULL,NULL,NULL,'12345','0',NULL,0,'1','2016-01-21 07:14:45','2016-01-21 07:14:45',NULL),(103,117,NULL,NULL,NULL,NULL,NULL,'SE',NULL,NULL,NULL,NULL,'Sampath','123456789',NULL,NULL,NULL,'123456','0',NULL,0,'1','2016-01-21 07:19:59','2016-01-21 07:19:59',NULL),(104,118,'','','','','','','',NULL,NULL,NULL,'Sampath','123456789',NULL,'Test test','','1234','0',NULL,0,'1','2016-01-21 07:26:30','2016-01-21 07:26:30',''),(105,119,'','','','','','','',NULL,NULL,NULL,NULL,NULL,NULL,'Test','',NULL,'0',NULL,0,'1','2016-01-21 07:31:09','2016-01-21 07:31:09',''),(106,120,'','','','','','','',NULL,NULL,NULL,NULL,NULL,NULL,'Test shjashasas sdlkd\'lks\'dk\'sdksd\'ks\'dk\'sdk\'skd\'sdk\'sdks\'dk\'sd\'ksd sdkskdlskdsdksdkskdksd Sdlskdlksdllsdk\'s Sdlskdlksdllsdk\'s sdlkd\'lks\'dk\'sdksd\'ks\'dk\'sdk\'skd\'sdk\'sdks\'dk\'sd\'ksd sdlkslkdslkdslklsdkldsklsdklsklsdklsdklsdklksdlklsdksd sdlkslkdslkdslklsdkldsklsdklsklsdklsdklsdklksdlklsdksd sdlsdlksdlkdslkdslkdslsdklsd skdlskdlksdlklsdklskdlskdlksdlksdlksdlkdslksdldkslskldsklds lskdlskldksldksldksldksdk\'skdskldksldk','123456789',NULL,'0',NULL,0,'1','2016-01-21 07:34:24','2016-01-21 07:34:24',''),(107,121,'123456','Aa','Ss','qwe','Gh','LK','F',NULL,NULL,NULL,'aaaaaaaa','123412343','','My pitch','856856856','','1',NULL,0,'1','2016-01-21 19:21:04','2016-01-29 07:32:27','LK'),(108,122,NULL,NULL,NULL,NULL,NULL,'SE',NULL,NULL,NULL,NULL,NULL,NULL,NULL,NULL,NULL,NULL,'0','1453409574.jpg',0,'1','2016-01-21 20:49:04','2016-01-21 20:49:04',NULL),(109,123,'','','','','','DS','M',NULL,NULL,NULL,'','1234','','Abc def hhhh skdJKSDJL SDLJSDKLJSD SDL;LSDM; SDLM;SDMSJ SD;K;SDK SD;K\'SDK; SK\'SD SD;\'SKD\'S SD;K\'SDK\'SD ;SDK\'SDK\' SD;MSD\'S\'D SD\'K\'SD SD\'KS\'DM SD\'KS\'DS S\'D\'SD\'S D;\'S\'DMS ;SD\'KSD\' SD;\'SDMSD LSHDSD SLNSDN S,DKSBDOS DKBSdo SDK SKD\'S ','','','0','1453447307.jpg',2,'1','2016-01-22 06:01:54','2016-01-26 11:31:45','DS'),(110,124,'0739465969','','yrtfjfh','13338','Saltsjöbaden','SE','F',NULL,NULL,NULL,'','','Is the king 5/5 !','My namne is Anton bla bla bla bla bla bla bla bla bla bla bla bla bla bal bla bla bla bla hej öl','8205038550','','1','1453800196.jpg',3,'1','2016-01-22 07:40:47','2016-01-26 21:46:16','SE'),(111,125,'','','','','','SE','',NULL,NULL,NULL,'','','',NULL,'','','0',NULL,4,'1','2016-01-22 09:14:17','2016-01-26 21:45:49','SE'),(112,126,NULL,NULL,NULL,NULL,NULL,'SE',NULL,NULL,NULL,NULL,NULL,NULL,NULL,NULL,NULL,NULL,'0',NULL,0,'1','2016-01-26 07:12:47','2016-01-26 07:12:47',NULL),(114,128,'','','','','','SE','',NULL,NULL,NULL,'','','',NULL,'','','0','https://graph.facebook.com/142049002827288/picture?type=large',5,'1','2016-01-26 11:26:56','2016-01-26 21:45:18','SE'),(115,129,'0739465969',NULL,'Freyvägen 2c','13338','Saltsjöbaden','SE','M',NULL,NULL,NULL,'','','','Hej pitch Snaba','8205038550','','1','https://graph.facebook.com/1251521948197998/picture?type=large',1,'1','2016-01-26 11:56:48','2016-01-26 21:46:46','SE'),(117,131,NULL,NULL,NULL,NULL,NULL,'SE',NULL,NULL,NULL,NULL,NULL,NULL,NULL,NULL,NULL,NULL,'0',NULL,0,'1','2016-01-29 14:55:36','2016-01-29 14:55:36',NULL),(118,132,'',NULL,'','','','LK','M','13','1','1986',NULL,NULL,NULL,'',NULL,NULL,'0',NULL,0,'1','2016-02-01 13:06:42','2016-02-01 13:06:42','LK'),(120,135,NULL,NULL,NULL,NULL,NULL,'SE','M','','','',NULL,NULL,NULL,NULL,NULL,NULL,'0','https://graph.facebook.com/112879952407819/picture?type=large',0,'1','2016-02-05 10:31:16','2016-02-05 10:31:16',NULL),(121,137,NULL,NULL,NULL,NULL,NULL,'SE','M','','','',NULL,NULL,NULL,NULL,NULL,NULL,'0','https://graph.facebook.com/112879952407819/picture?type=large',0,'1','2016-02-05 10:37:14','2016-02-05 10:37:14',NULL),(122,138,NULL,NULL,NULL,NULL,NULL,'SE','M','','','',NULL,NULL,NULL,NULL,NULL,NULL,'0','https://graph.facebook.com/1010913332313278/picture?type=large',0,'1','2016-02-05 10:37:43','2016-02-05 10:37:43',NULL),(124,140,NULL,NULL,NULL,NULL,NULL,'SE','M','','','',NULL,NULL,NULL,NULL,NULL,NULL,'0','https://graph.facebook.com/10153093814905755/picture?type=large',0,'1','2016-02-05 10:55:24','2016-02-05 10:55:24',NULL),(125,141,'','','','','','SE','M','17','02','2016','','','',NULL,'12123123','','0','https://graph.facebook.com/112879952407819/picture?type=large',0,'1','2016-02-05 10:56:42','2016-02-05 12:38:53','SE'),(126,142,'',NULL,'','','','','M','11','06','1982',NULL,NULL,NULL,'',NULL,NULL,'1','https://graph.facebook.com/10153186516037093/picture?type=large',0,'1','2016-02-05 11:00:28','2016-02-05 11:00:28',''),(127,143,NULL,NULL,NULL,NULL,NULL,'SE','M','','','',NULL,NULL,NULL,NULL,NULL,NULL,'0','https://graph.facebook.com/10153813040907224/picture?type=large',0,'1','2016-02-17 03:51:21','2016-02-17 03:51:21',NULL),(128,144,NULL,NULL,NULL,NULL,NULL,'SE','M','31','01','1986',NULL,NULL,NULL,NULL,NULL,NULL,'0',NULL,0,'1','2016-03-13 02:52:30','2016-03-13 02:52:30',NULL),(129,145,NULL,NULL,NULL,NULL,NULL,'SE',NULL,NULL,NULL,NULL,NULL,NULL,NULL,NULL,NULL,NULL,'0',NULL,0,'1','2016-03-16 09:20:22','2016-03-16 09:20:22',NULL),(130,146,NULL,NULL,NULL,NULL,NULL,'SE',NULL,NULL,NULL,NULL,NULL,NULL,NULL,NULL,NULL,NULL,'0',NULL,0,'1','2016-03-16 11:54:53','2016-03-16 11:54:53',NULL),(131,147,NULL,NULL,NULL,NULL,NULL,'SE',NULL,NULL,NULL,NULL,NULL,NULL,NULL,NULL,NULL,NULL,'0',NULL,0,'1','2016-03-19 14:36:50','2016-03-19 14:36:50',NULL),(132,148,NULL,NULL,NULL,NULL,NULL,'SE',NULL,NULL,NULL,NULL,NULL,NULL,NULL,NULL,NULL,NULL,'0',NULL,0,'1','2016-03-24 07:28:53','2016-03-24 07:28:53',NULL),(133,149,NULL,NULL,NULL,NULL,NULL,'SE',NULL,NULL,NULL,NULL,NULL,NULL,NULL,NULL,NULL,NULL,'0',NULL,0,'1','2016-03-25 08:18:34','2016-03-25 08:18:34',NULL),(134,150,NULL,NULL,NULL,NULL,NULL,'SE',NULL,NULL,NULL,NULL,NULL,NULL,NULL,NULL,NULL,NULL,'0',NULL,0,'1','2016-03-25 08:21:03','2016-03-25 08:21:03',NULL),(135,151,NULL,NULL,NULL,NULL,NULL,'SE',NULL,NULL,NULL,NULL,NULL,NULL,NULL,NULL,NULL,NULL,'0',NULL,0,'1','2016-03-25 11:00:20','2016-03-25 11:00:20',NULL),(136,152,'0739465969',NULL,'Freyvägen2','13338','Stockholm','SE','F','03','05','1982',NULL,NULL,NULL,'Anton2',NULL,NULL,'1',NULL,0,'1','2016-03-25 11:01:57','2016-03-25 11:01:57','SE'),(137,153,NULL,NULL,NULL,NULL,NULL,'SE',NULL,NULL,NULL,NULL,NULL,NULL,NULL,NULL,NULL,NULL,'0',NULL,0,'1','2016-03-25 16:16:57','2016-03-25 16:16:57',NULL),(138,154,NULL,NULL,NULL,NULL,NULL,'SE',NULL,NULL,NULL,NULL,NULL,NULL,NULL,NULL,NULL,NULL,'0',NULL,0,'1','2016-03-25 16:21:33','2016-03-25 16:21:33',NULL),(139,155,NULL,NULL,NULL,NULL,NULL,'SE',NULL,NULL,NULL,NULL,NULL,NULL,NULL,NULL,NULL,NULL,'0',NULL,0,'1','2016-03-25 16:25:05','2016-03-25 16:25:05',NULL),(140,156,NULL,NULL,NULL,NULL,NULL,'SE',NULL,NULL,NULL,NULL,NULL,NULL,NULL,NULL,NULL,NULL,'0',NULL,0,'1','2016-03-25 16:26:52','2016-03-25 16:26:52',NULL),(141,157,NULL,NULL,NULL,NULL,NULL,'SE',NULL,NULL,NULL,NULL,NULL,NULL,NULL,NULL,NULL,NULL,'0',NULL,0,'1','2016-03-25 16:38:50','2016-03-25 16:38:50',NULL);
/*!40000 ALTER TABLE `candidate` ENABLE KEYS */;
UNLOCK TABLES;

--
-- Table structure for table `chat`
--

DROP TABLE IF EXISTS `chat`;
/*!40101 SET @saved_cs_client     = @@character_set_client */;
/*!40101 SET character_set_client = utf8 */;
CREATE TABLE `chat` (
  `id` int(11) NOT NULL AUTO_INCREMENT,
  `created_by` int(11) NOT NULL,
  `created` datetime NOT NULL,
  `modified` datetime NOT NULL,
  PRIMARY KEY (`id`)
) ENGINE=InnoDB AUTO_INCREMENT=252 DEFAULT CHARSET=latin1;
/*!40101 SET character_set_client = @saved_cs_client */;

--
-- Dumping data for table `chat`
--

LOCK TABLES `chat` WRITE;
/*!40000 ALTER TABLE `chat` DISABLE KEYS */;
INSERT INTO `chat` VALUES (44,1,'2015-12-18 08:02:13','2015-12-18 19:12:37'),(51,1,'2015-12-18 10:22:31','2015-12-18 10:23:01'),(52,1,'2015-12-18 11:07:25','2015-12-18 11:07:25'),(53,1,'2015-12-19 06:21:48','2015-12-19 06:32:25'),(54,1,'2015-12-19 08:17:17','2015-12-23 08:11:48'),(60,1,'2015-12-19 10:22:02','2016-01-19 11:48:34'),(61,1,'2015-12-19 10:24:22','2015-12-19 10:24:22'),(62,1,'2015-12-19 10:25:40','2015-12-19 10:25:40'),(63,1,'2015-12-19 10:30:43','2015-12-19 10:30:43'),(64,1,'2015-12-19 10:32:05','2015-12-19 10:32:05'),(65,1,'2015-12-19 10:34:12','2015-12-19 10:34:12'),(66,1,'2015-12-19 10:37:53','2015-12-22 06:18:59'),(67,1,'2015-12-19 10:40:27','2015-12-19 10:40:27'),(68,1,'2015-12-19 10:42:22','2015-12-21 04:42:00'),(69,1,'2015-12-19 11:07:42','2016-02-05 12:14:42'),(70,1,'2015-12-19 13:33:29','2015-12-21 06:12:40'),(71,1,'2015-12-20 02:07:44','2015-12-21 06:02:07'),(72,1,'2015-12-20 06:14:54','2015-12-20 06:16:16'),(73,1,'2015-12-20 07:00:29','2015-12-20 07:00:29'),(74,1,'2015-12-20 07:35:46','2015-12-20 08:12:36'),(75,1,'2015-12-20 08:44:31','2015-12-20 08:12:46'),(76,1,'2015-12-20 14:34:01','2015-12-20 15:12:06'),(77,1,'2015-12-20 14:41:34','2015-12-20 15:22:01'),(78,1,'2015-12-20 17:31:58','2015-12-20 18:12:36'),(79,1,'2015-12-21 08:25:03','2015-12-21 08:25:03'),(80,1,'2015-12-21 09:22:44','2016-03-25 09:02:23'),(81,1,'2015-12-21 09:57:45','2015-12-23 13:21:31'),(82,1,'2015-12-21 10:11:07','2016-01-17 16:49:05'),(83,1,'2015-12-21 10:53:26','2015-12-21 11:09:08'),(84,1,'2015-12-21 11:58:57','2015-12-21 11:58:57'),(85,1,'2015-12-21 11:59:12','2015-12-21 12:02:35'),(86,1,'2015-12-21 12:02:59','2015-12-21 12:09:17'),(87,1,'2015-12-21 12:13:02','2015-12-21 12:13:02'),(88,1,'2015-12-21 13:07:44','2016-01-21 07:23:47'),(89,1,'2015-12-21 14:18:41','2016-01-20 08:49:48'),(90,1,'2015-12-21 14:46:02','2016-02-01 06:16:36'),(91,1,'2015-12-21 14:46:33','2015-12-22 23:56:12'),(92,1,'2015-12-22 06:13:17','2016-01-12 06:08:59'),(93,1,'2015-12-22 18:03:34','2016-01-25 10:12:21'),(94,1,'2015-12-22 18:03:52','2015-12-22 18:03:52'),(96,1,'2015-12-23 01:09:38','2015-12-23 01:23:52'),(97,1,'2015-12-23 02:32:13','2015-12-23 02:33:00'),(98,1,'2015-12-23 06:47:59','2015-12-23 06:47:59'),(99,1,'2015-12-23 07:40:22','2015-12-23 14:33:44'),(101,1,'2015-12-23 15:25:15','2015-12-23 15:25:21'),(102,1,'2015-12-23 15:31:21','2015-12-23 15:31:21'),(103,1,'2015-12-25 09:43:40','2015-12-25 09:43:40'),(104,1,'2015-12-25 09:50:47','2015-12-25 09:52:23'),(105,1,'2015-12-25 09:58:54','2015-12-25 09:58:54'),(106,1,'2015-12-25 09:59:50','2015-12-25 09:59:50'),(107,1,'2015-12-25 10:00:34','2015-12-25 10:00:34'),(108,1,'2015-12-26 12:12:19','2015-12-26 12:12:19'),(112,1,'2016-01-03 09:59:27','2016-01-03 09:59:27'),(113,1,'2016-01-03 10:31:37','2016-01-03 10:31:37'),(114,1,'2016-01-03 10:51:03','2016-01-13 15:10:31'),(115,1,'2016-01-03 11:17:27','2016-01-03 11:20:29'),(116,1,'2016-01-03 11:30:13','2016-01-03 11:30:13'),(117,1,'2016-01-04 11:16:38','2016-01-04 11:21:29'),(118,1,'2016-01-04 21:10:52','2016-01-04 21:15:00'),(119,1,'2016-01-04 21:24:07','2016-01-05 09:18:01'),(120,1,'2016-01-05 08:07:03','2016-01-13 14:48:59'),(121,1,'2016-01-05 08:15:16','2016-01-05 08:15:55'),(122,1,'2016-01-05 10:19:21','2016-01-05 10:20:25'),(123,1,'2016-01-06 12:18:38','2016-01-06 12:22:06'),(124,1,'2016-01-06 12:29:26','2016-01-06 12:29:26'),(125,1,'2016-01-06 19:48:31','2016-01-06 19:56:01'),(126,1,'2016-01-07 05:49:30','2016-01-07 05:50:33'),(128,1,'2016-01-07 07:55:47','2016-01-07 07:55:47'),(129,1,'2016-01-08 09:46:52','2016-01-08 10:09:50'),(130,1,'2016-01-10 22:14:31','2016-01-10 23:48:35'),(131,1,'2016-01-10 22:27:48','2016-01-10 22:27:57'),(132,1,'2016-01-10 22:28:46','2016-01-11 05:07:59'),(133,1,'2016-01-11 02:09:22','2016-03-25 09:15:39'),(135,1,'2016-01-11 18:08:26','2016-01-11 19:59:05'),(136,1,'2016-01-12 14:07:23','2016-01-19 08:04:27'),(137,1,'2016-01-13 07:31:00','2016-01-18 04:27:43'),(138,1,'2016-01-13 10:56:20','2016-01-14 04:05:09'),(139,1,'2016-01-13 13:57:39','2016-01-13 13:58:09'),(140,1,'2016-01-13 14:10:06','2016-01-13 14:10:06'),(141,1,'2016-01-13 14:16:54','2016-01-13 14:17:34'),(142,1,'2016-01-13 14:31:54','2016-01-13 14:31:54'),(143,1,'2016-01-13 14:36:55','2016-01-13 14:46:58'),(144,1,'2016-01-13 15:00:31','2016-01-13 15:00:31'),(146,1,'2016-01-13 15:13:04','2016-01-13 15:13:58'),(147,1,'2016-01-13 18:41:47','2016-01-14 13:12:30'),(148,1,'2016-01-13 19:08:43','2016-01-15 15:19:02'),(150,1,'2016-01-14 04:03:46','2016-01-14 04:03:46'),(151,1,'2016-01-14 04:06:36','2016-01-19 00:44:05'),(152,1,'2016-01-14 05:03:39','2016-01-14 05:03:39'),(153,1,'2016-01-14 13:13:15','2016-02-04 08:11:42'),(154,1,'2016-01-14 14:24:11','2016-01-14 14:24:20'),(155,1,'2016-01-14 14:40:41','2016-01-14 14:40:41'),(156,1,'2016-01-14 14:47:34','2016-01-14 14:47:34'),(159,1,'2016-01-18 22:08:29','2016-01-18 22:20:20'),(160,1,'2016-01-18 22:22:16','2016-01-18 22:23:44'),(161,1,'2016-01-18 22:39:28','2016-01-18 22:39:35'),(162,1,'2016-01-18 22:42:24','2016-01-18 22:42:28'),(163,1,'2016-01-18 23:14:21','2016-01-18 23:14:21'),(164,1,'2016-01-18 23:55:23','2016-01-19 00:18:53'),(165,1,'2016-01-19 00:45:47','2016-01-19 01:28:51'),(166,1,'2016-01-19 08:12:27','2016-01-29 08:48:16'),(167,1,'2016-01-19 08:53:54','2016-01-19 08:53:54'),(168,1,'2016-01-19 11:24:27','2016-01-19 11:24:27'),(169,1,'2016-01-19 11:25:58','2016-01-22 09:13:17'),(170,1,'2016-01-19 16:21:18','2016-01-21 07:35:39'),(172,1,'2016-01-20 05:26:25','2016-01-20 05:26:51'),(173,1,'2016-01-20 07:17:51','2016-01-20 07:18:03'),(174,1,'2016-01-20 07:52:27','2016-01-20 07:52:27'),(175,1,'2016-01-20 08:07:29','2016-01-20 08:07:29'),(176,1,'2016-01-21 09:34:01','2016-01-21 09:37:50'),(177,1,'2016-01-21 09:34:16','2016-01-22 08:32:27'),(178,1,'2016-01-21 09:45:34','2016-01-21 09:46:26'),(179,1,'2016-01-21 19:21:28','2016-01-26 22:28:42'),(180,1,'2016-01-22 06:10:10','2016-01-22 06:10:24'),(181,1,'2016-01-22 06:35:02','2016-01-22 06:51:44'),(182,1,'2016-01-22 06:57:44','2016-01-22 07:17:16'),(183,1,'2016-01-22 07:49:17','2016-01-26 09:48:43'),(184,1,'2016-01-22 09:14:32','2016-01-26 14:52:00'),(185,1,'2016-01-22 10:38:20','2016-01-22 10:40:03'),(186,1,'2016-01-22 10:39:51','2016-01-22 10:40:09'),(187,1,'2016-01-25 09:39:56','2016-01-29 10:32:26'),(188,1,'2016-01-25 19:08:12','2016-01-26 14:57:38'),(189,1,'2016-01-26 06:41:12','2016-01-26 06:41:18'),(190,1,'2016-01-26 07:13:03','2016-01-26 09:42:09'),(191,1,'2016-01-26 09:22:21','2016-01-26 09:22:52'),(192,1,'2016-01-26 09:23:52','2016-01-26 09:23:52'),(193,1,'2016-01-26 11:33:25','2016-01-26 14:52:49'),(194,1,'2016-01-26 11:49:34','2016-01-26 19:56:04'),(195,1,'2016-01-26 11:58:29','2016-01-26 13:50:50'),(196,1,'2016-01-26 12:05:17','2016-01-26 12:09:09'),(197,1,'2016-01-26 19:35:17','2016-01-26 19:39:02'),(198,1,'2016-01-26 20:03:46','2016-02-04 08:09:30'),(199,1,'2016-01-26 20:30:34','2016-01-26 20:30:34'),(201,1,'2016-01-27 04:54:43','2016-01-31 12:26:50'),(204,1,'2016-01-27 08:53:16','2016-01-27 08:53:16'),(205,1,'2016-01-27 08:57:36','2016-02-04 07:12:26'),(206,1,'2016-01-27 11:52:04','2016-01-27 11:52:04'),(208,1,'2016-01-28 08:52:27','2016-01-28 08:52:27'),(209,1,'2016-01-28 12:13:14','2016-01-28 12:18:29'),(210,1,'2016-01-28 12:26:59','2016-01-28 12:26:59'),(212,1,'2016-01-29 14:34:53','2016-02-16 07:59:49'),(213,1,'2016-01-29 14:38:04','2016-01-29 14:38:04'),(215,1,'2016-02-02 07:36:22','2016-02-03 06:01:24'),(217,1,'2016-02-02 12:04:18','2016-02-04 14:51:52'),(220,1,'2016-02-05 08:56:17','2016-02-05 08:56:17'),(221,1,'2016-02-05 12:10:21','2016-02-16 06:52:56'),(222,1,'2016-02-07 12:45:43','2016-02-07 12:45:43'),(223,1,'2016-02-08 06:28:02','2016-02-16 08:09:44'),(224,1,'2016-02-08 10:17:37','2016-02-17 11:23:39'),(225,1,'2016-02-08 10:40:43','2016-02-16 05:17:21'),(226,1,'2016-02-16 08:28:32','2016-02-16 08:29:02'),(227,1,'2016-02-17 03:53:40','2016-03-24 07:09:50'),(228,1,'2016-03-18 14:53:28','2016-03-25 12:13:35'),(229,1,'2016-03-19 10:04:24','2016-03-19 10:04:24'),(230,1,'2016-03-19 15:08:30','2016-03-19 15:08:30'),(231,1,'2016-03-19 15:08:47','2016-03-19 15:08:47'),(232,1,'2016-03-19 15:09:28','2016-03-19 15:09:28'),(233,1,'2016-03-19 15:58:44','2016-03-19 15:58:44'),(234,1,'2016-03-19 16:00:16','2016-03-19 16:00:16'),(235,1,'2016-03-19 16:01:03','2016-03-19 16:01:03'),(236,1,'2016-03-19 16:14:12','2016-03-19 16:14:12'),(237,1,'2016-03-19 16:14:38','2016-03-21 08:03:04'),(238,1,'2016-03-19 17:12:30','2016-03-19 17:12:30'),(239,1,'2016-03-19 18:48:40','2016-03-19 18:48:40'),(240,1,'2016-03-19 18:49:31','2016-03-21 10:11:14'),(241,1,'2016-03-21 07:13:09','2016-03-21 10:11:51'),(242,1,'2016-03-21 10:17:57','2016-03-21 10:17:57'),(243,1,'2016-03-21 14:47:02','2016-03-21 14:48:11'),(244,1,'2016-03-24 07:29:44','2016-03-24 07:34:26'),(245,1,'2016-03-24 11:34:29','2016-03-24 22:12:12'),(246,1,'2016-03-24 22:39:58','2016-03-25 14:39:03'),(247,1,'2016-03-25 11:03:23','2016-03-25 11:13:32'),(248,1,'2016-03-25 11:22:39','2016-03-25 11:24:03'),(249,1,'2016-03-25 16:25:13','2016-03-25 16:25:13'),(250,1,'2016-03-25 16:27:11','2016-03-25 16:27:11'),(251,1,'2016-03-25 16:38:52','2016-03-25 16:38:52');
/*!40000 ALTER TABLE `chat` ENABLE KEYS */;
UNLOCK TABLES;

--
-- Table structure for table `chat_group`
--

DROP TABLE IF EXISTS `chat_group`;
/*!40101 SET @saved_cs_client     = @@character_set_client */;
/*!40101 SET character_set_client = utf8 */;
CREATE TABLE `chat_group` (
  `id` int(11) NOT NULL AUTO_INCREMENT,
  `chat_id` int(11) NOT NULL,
  `user_id` int(11) NOT NULL,
  `status` char(1) NOT NULL,
  `created` datetime NOT NULL,
  `modified` datetime NOT NULL,
  PRIMARY KEY (`id`)
) ENGINE=InnoDB AUTO_INCREMENT=500 DEFAULT CHARSET=latin1;
/*!40101 SET character_set_client = @saved_cs_client */;

--
-- Dumping data for table `chat_group`
--

LOCK TABLES `chat_group` WRITE;
/*!40000 ALTER TABLE `chat_group` DISABLE KEYS */;
INSERT INTO `chat_group` VALUES (86,44,1,'1','2015-12-18 08:02:13','2015-12-18 08:02:13'),(87,44,28,'','2015-12-18 08:02:13','2015-12-18 08:02:13'),(89,45,28,'','2015-12-18 08:07:00','2015-12-18 08:07:00'),(91,46,28,'','2015-12-18 09:12:57','2015-12-18 09:12:57'),(93,47,28,'','2015-12-18 09:19:10','2015-12-18 09:19:10'),(95,48,28,'','2015-12-18 09:22:50','2015-12-18 09:22:50'),(97,49,28,'','2015-12-18 09:25:42','2015-12-18 09:25:42'),(99,50,28,'','2015-12-18 09:27:15','2015-12-18 09:27:15'),(100,51,50,'1','2015-12-18 10:22:31','2015-12-18 10:22:31'),(101,51,28,'','2015-12-18 10:22:31','2015-12-18 10:22:31'),(102,52,51,'1','2015-12-18 11:07:25','2015-12-18 11:07:25'),(103,52,28,'','2015-12-18 11:07:25','2015-12-18 11:07:25'),(104,53,53,'1','2015-12-19 06:21:48','2015-12-19 06:21:48'),(105,53,28,'','2015-12-19 06:21:48','2015-12-19 06:21:48'),(106,54,42,'1','2015-12-19 08:17:17','2015-12-19 08:17:17'),(107,54,28,'','2015-12-19 08:17:17','2015-12-19 08:17:17'),(109,55,28,'','2015-12-19 09:08:47','2015-12-19 09:08:47'),(111,56,28,'','2015-12-19 09:12:01','2015-12-19 09:12:01'),(113,57,28,'','2015-12-19 09:12:10','2015-12-19 09:12:10'),(115,58,28,'','2015-12-19 09:27:38','2015-12-19 09:27:38'),(117,59,28,'','2015-12-19 10:06:34','2015-12-19 10:06:34'),(118,60,55,'1','2015-12-19 10:22:02','2015-12-19 10:22:02'),(119,60,28,'','2015-12-19 10:22:02','2015-12-19 10:22:02'),(120,61,55,'1','2015-12-19 10:24:22','2015-12-19 10:24:22'),(121,61,28,'','2015-12-19 10:24:22','2015-12-19 10:24:22'),(122,62,55,'1','2015-12-19 10:25:40','2015-12-19 10:25:40'),(123,62,28,'','2015-12-19 10:25:40','2015-12-19 10:25:40'),(124,63,55,'1','2015-12-19 10:30:43','2015-12-19 10:30:43'),(125,63,28,'','2015-12-19 10:30:43','2015-12-19 10:30:43'),(126,64,55,'1','2015-12-19 10:32:05','2015-12-19 10:32:05'),(127,64,28,'','2015-12-19 10:32:05','2015-12-19 10:32:05'),(128,65,55,'1','2015-12-19 10:34:12','2015-12-19 10:34:12'),(129,65,28,'','2015-12-19 10:34:12','2015-12-19 10:34:12'),(130,66,55,'1','2015-12-19 10:37:53','2015-12-19 10:37:53'),(131,66,28,'','2015-12-19 10:37:53','2015-12-19 10:37:53'),(132,67,56,'1','2015-12-19 10:40:27','2015-12-19 10:40:27'),(133,67,28,'','2015-12-19 10:40:27','2015-12-19 10:40:27'),(134,68,56,'1','2015-12-19 10:42:22','2015-12-19 10:42:22'),(135,68,28,'','2015-12-19 10:42:22','2015-12-19 10:42:22'),(136,69,50,'1','2015-12-19 11:07:42','2015-12-19 11:07:42'),(137,69,28,'','2015-12-19 11:07:42','2015-12-19 11:07:42'),(138,70,1,'1','2015-12-19 13:33:29','2015-12-19 13:33:29'),(139,70,28,'','2015-12-19 13:33:29','2015-12-19 13:33:29'),(140,71,51,'1','2015-12-20 02:07:44','2015-12-20 02:07:44'),(141,71,28,'','2015-12-20 02:07:44','2015-12-20 02:07:44'),(142,72,37,'1','2015-12-20 06:14:54','2015-12-20 06:14:54'),(143,72,28,'','2015-12-20 06:14:54','2015-12-20 06:14:54'),(144,73,37,'1','2015-12-20 07:00:29','2015-12-20 07:00:29'),(145,73,28,'','2015-12-20 07:00:29','2015-12-20 07:00:29'),(146,74,57,'1','2015-12-20 07:35:46','2015-12-20 07:35:46'),(147,74,28,'','2015-12-20 07:35:46','2015-12-20 07:35:46'),(148,75,57,'1','2015-12-20 08:44:31','2015-12-20 08:44:31'),(149,75,28,'','2015-12-20 08:44:31','2015-12-20 08:44:31'),(150,76,59,'1','2015-12-20 14:34:01','2015-12-20 14:34:01'),(151,76,28,'','2015-12-20 14:34:01','2015-12-20 14:34:01'),(152,77,59,'1','2015-12-20 14:41:34','2015-12-20 14:41:34'),(153,77,28,'','2015-12-20 14:41:34','2015-12-20 14:41:34'),(154,78,60,'1','2015-12-20 17:31:58','2015-12-20 17:31:58'),(155,78,28,'','2015-12-20 17:31:58','2015-12-20 17:31:58'),(156,79,60,'1','2015-12-21 08:25:03','2015-12-21 08:25:03'),(157,79,28,'','2015-12-21 08:25:03','2015-12-21 08:25:03'),(158,80,36,'1','2015-12-21 09:22:44','2015-12-21 09:22:44'),(159,80,28,'','2015-12-21 09:22:44','2015-12-21 09:22:44'),(160,81,60,'1','2015-12-21 09:57:45','2015-12-21 09:57:45'),(161,81,28,'','2015-12-21 09:57:45','2015-12-21 09:57:45'),(162,82,62,'1','2015-12-21 10:11:07','2015-12-21 10:11:07'),(163,82,28,'','2015-12-21 10:11:07','2015-12-21 10:11:07'),(164,83,61,'1','2015-12-21 10:53:26','2015-12-21 10:53:26'),(165,83,28,'','2015-12-21 10:53:26','2015-12-21 10:53:26'),(166,84,63,'1','2015-12-21 11:58:57','2015-12-21 11:58:57'),(167,84,28,'','2015-12-21 11:58:57','2015-12-21 11:58:57'),(168,85,63,'1','2015-12-21 11:59:12','2015-12-21 11:59:12'),(169,85,28,'','2015-12-21 11:59:12','2015-12-21 11:59:12'),(170,86,63,'1','2015-12-21 12:02:59','2015-12-21 12:02:59'),(171,86,28,'','2015-12-21 12:02:59','2015-12-21 12:02:59'),(172,87,63,'1','2015-12-21 12:13:02','2015-12-21 12:13:02'),(173,87,28,'','2015-12-21 12:13:02','2015-12-21 12:13:02'),(174,88,62,'1','2015-12-21 13:07:44','2015-12-21 13:07:44'),(175,88,28,'','2015-12-21 13:07:44','2015-12-21 13:07:44'),(176,89,62,'1','2015-12-21 14:18:41','2015-12-21 14:18:41'),(177,89,28,'','2015-12-21 14:18:41','2015-12-21 14:18:41'),(178,90,62,'1','2015-12-21 14:46:02','2015-12-21 14:46:02'),(179,90,28,'','2015-12-21 14:46:02','2015-12-21 14:46:02'),(180,91,63,'1','2015-12-21 14:46:33','2015-12-21 14:46:33'),(181,91,28,'','2015-12-21 14:46:33','2015-12-21 14:46:33'),(182,92,55,'1','2015-12-22 06:13:17','2015-12-22 06:13:17'),(183,92,28,'','2015-12-22 06:13:17','2015-12-22 06:13:17'),(184,93,40,'1','2015-12-22 18:03:34','2015-12-22 18:03:34'),(185,93,28,'','2015-12-22 18:03:34','2015-12-22 18:03:34'),(186,94,40,'1','2015-12-22 18:03:52','2015-12-22 18:03:52'),(187,94,28,'','2015-12-22 18:03:52','2015-12-22 18:03:52'),(189,95,28,'','2015-12-22 23:16:27','2015-12-22 23:16:27'),(190,96,73,'1','2015-12-23 01:09:38','2015-12-23 01:09:38'),(191,96,28,'','2015-12-23 01:09:38','2015-12-23 01:09:38'),(192,97,74,'1','2015-12-23 02:32:13','2015-12-23 02:32:13'),(193,97,28,'','2015-12-23 02:32:13','2015-12-23 02:32:13'),(194,98,52,'1','2015-12-23 06:47:59','2015-12-23 06:47:59'),(195,98,28,'','2015-12-23 06:47:59','2015-12-23 06:47:59'),(196,99,63,'1','2015-12-23 07:40:22','2015-12-23 07:40:22'),(197,99,28,'','2015-12-23 07:40:22','2015-12-23 07:40:22'),(199,100,28,'','2015-12-23 09:08:55','2015-12-23 09:08:55'),(200,101,75,'1','2015-12-23 15:25:15','2015-12-23 15:25:15'),(201,101,28,'','2015-12-23 15:25:15','2015-12-23 15:25:15'),(202,102,75,'1','2015-12-23 15:31:21','2015-12-23 15:31:21'),(203,102,28,'','2015-12-23 15:31:21','2015-12-23 15:31:21'),(204,103,63,'1','2015-12-25 09:43:40','2015-12-25 09:43:40'),(205,103,28,'','2015-12-25 09:43:40','2015-12-25 09:43:40'),(206,104,75,'1','2015-12-25 09:50:47','2015-12-25 09:50:47'),(207,104,28,'','2015-12-25 09:50:47','2015-12-25 09:50:47'),(208,105,77,'1','2015-12-25 09:58:54','2015-12-25 09:58:54'),(209,105,28,'','2015-12-25 09:58:54','2015-12-25 09:58:54'),(210,106,77,'1','2015-12-25 09:59:50','2015-12-25 09:59:50'),(211,106,28,'','2015-12-25 09:59:50','2015-12-25 09:59:50'),(212,107,77,'1','2015-12-25 10:00:34','2015-12-25 10:00:34'),(213,107,28,'','2015-12-25 10:00:34','2015-12-25 10:00:34'),(214,108,62,'1','2015-12-26 12:12:19','2015-12-26 12:12:19'),(215,108,28,'','2015-12-26 12:12:19','2015-12-26 12:12:19'),(217,109,28,'','2015-12-28 12:34:51','2015-12-28 12:34:51'),(219,110,28,'','2015-12-31 09:38:54','2015-12-31 09:38:54'),(221,111,28,'','2016-01-02 17:40:12','2016-01-02 17:40:12'),(222,112,63,'1','2016-01-03 09:59:27','2016-01-03 09:59:27'),(223,112,28,'','2016-01-03 09:59:27','2016-01-03 09:59:27'),(224,113,63,'1','2016-01-03 10:31:37','2016-01-03 10:31:37'),(225,113,28,'','2016-01-03 10:31:37','2016-01-03 10:31:37'),(226,114,78,'1','2016-01-03 10:51:03','2016-01-03 10:51:03'),(227,114,28,'','2016-01-03 10:51:03','2016-01-03 10:51:03'),(228,115,79,'1','2016-01-03 11:17:27','2016-01-03 11:17:27'),(229,115,28,'','2016-01-03 11:17:27','2016-01-03 11:17:27'),(230,116,63,'1','2016-01-03 11:30:13','2016-01-03 11:30:13'),(231,116,28,'','2016-01-03 11:30:13','2016-01-03 11:30:13'),(232,117,43,'1','2016-01-04 11:16:38','2016-01-04 11:16:38'),(233,117,28,'','2016-01-04 11:16:38','2016-01-04 11:16:38'),(234,118,83,'1','2016-01-04 21:10:52','2016-01-04 21:10:52'),(235,118,28,'','2016-01-04 21:10:52','2016-01-04 21:10:52'),(236,119,84,'1','2016-01-04 21:24:07','2016-01-04 21:24:07'),(237,119,28,'','2016-01-04 21:24:07','2016-01-04 21:24:07'),(238,120,35,'1','2016-01-05 08:07:03','2016-01-05 08:07:03'),(239,120,28,'','2016-01-05 08:07:03','2016-01-05 08:07:03'),(240,121,86,'1','2016-01-05 08:15:16','2016-01-05 08:15:16'),(241,121,28,'','2016-01-05 08:15:16','2016-01-05 08:15:16'),(242,122,87,'1','2016-01-05 10:19:21','2016-01-05 10:19:21'),(243,122,28,'','2016-01-05 10:19:21','2016-01-05 10:19:21'),(244,123,89,'1','2016-01-06 12:18:38','2016-01-06 12:18:38'),(245,123,28,'','2016-01-06 12:18:38','2016-01-06 12:18:38'),(246,124,89,'1','2016-01-06 12:29:26','2016-01-06 12:29:26'),(247,124,28,'','2016-01-06 12:29:26','2016-01-06 12:29:26'),(248,125,90,'1','2016-01-06 19:48:31','2016-01-06 19:48:31'),(249,125,28,'','2016-01-06 19:48:31','2016-01-06 19:48:31'),(250,126,92,'1','2016-01-07 05:49:30','2016-01-07 05:49:30'),(251,126,28,'','2016-01-07 05:49:30','2016-01-07 05:49:30'),(253,127,28,'','2016-01-07 07:52:02','2016-01-07 07:52:02'),(254,128,91,'1','2016-01-07 07:55:47','2016-01-07 07:55:47'),(255,128,28,'','2016-01-07 07:55:47','2016-01-07 07:55:47'),(256,129,94,'1','2016-01-08 09:46:52','2016-01-08 09:46:52'),(257,129,28,'','2016-01-08 09:46:52','2016-01-08 09:46:52'),(258,130,98,'1','2016-01-10 22:14:31','2016-01-10 22:14:31'),(259,130,28,'','2016-01-10 22:14:31','2016-01-10 22:14:31'),(260,131,99,'1','2016-01-10 22:27:48','2016-01-10 22:27:48'),(261,131,28,'','2016-01-10 22:27:48','2016-01-10 22:27:48'),(262,132,99,'1','2016-01-10 22:28:46','2016-01-10 22:28:46'),(263,132,28,'','2016-01-10 22:28:46','2016-01-10 22:28:46'),(264,133,36,'1','2016-01-11 02:09:22','2016-01-11 02:09:22'),(265,133,28,'','2016-01-11 02:09:22','2016-01-11 02:09:22'),(267,134,28,'','2016-01-11 09:44:24','2016-01-11 09:44:24'),(268,135,100,'1','2016-01-11 18:08:26','2016-01-11 18:08:26'),(269,135,28,'','2016-01-11 18:08:26','2016-01-11 18:08:26'),(270,136,99,'1','2016-01-12 14:07:23','2016-01-12 14:07:23'),(271,136,28,'','2016-01-12 14:07:23','2016-01-12 14:07:23'),(272,137,95,'1','2016-01-13 07:31:00','2016-01-13 07:31:00'),(273,137,28,'','2016-01-13 07:31:00','2016-01-13 07:31:00'),(274,138,55,'1','2016-01-13 10:56:20','2016-01-13 10:56:20'),(275,138,28,'','2016-01-13 10:56:20','2016-01-13 10:56:20'),(276,139,35,'1','2016-01-13 13:57:39','2016-01-13 13:57:39'),(277,139,28,'','2016-01-13 13:57:39','2016-01-13 13:57:39'),(278,140,102,'1','2016-01-13 14:10:06','2016-01-13 14:10:06'),(279,140,28,'','2016-01-13 14:10:06','2016-01-13 14:10:06'),(280,141,102,'1','2016-01-13 14:16:54','2016-01-13 14:16:54'),(281,141,28,'','2016-01-13 14:16:54','2016-01-13 14:16:54'),(282,142,102,'1','2016-01-13 14:31:54','2016-01-13 14:31:54'),(283,142,28,'','2016-01-13 14:31:54','2016-01-13 14:31:54'),(284,143,102,'1','2016-01-13 14:36:55','2016-01-13 14:36:55'),(285,143,28,'','2016-01-13 14:36:55','2016-01-13 14:36:55'),(286,144,35,'1','2016-01-13 15:00:31','2016-01-13 15:00:31'),(287,144,28,'','2016-01-13 15:00:31','2016-01-13 15:00:31'),(289,145,28,'','2016-01-13 15:06:10','2016-01-13 15:06:10'),(290,146,78,'1','2016-01-13 15:13:04','2016-01-13 15:13:04'),(291,146,28,'','2016-01-13 15:13:04','2016-01-13 15:13:04'),(292,147,97,'1','2016-01-13 18:41:47','2016-01-13 18:41:47'),(293,147,28,'','2016-01-13 18:41:47','2016-01-13 18:41:47'),(294,148,97,'1','2016-01-13 19:08:43','2016-01-13 19:08:43'),(295,148,28,'','2016-01-13 19:08:43','2016-01-13 19:08:43'),(297,149,28,'','2016-01-13 22:20:11','2016-01-13 22:20:11'),(298,150,104,'1','2016-01-14 04:03:46','2016-01-14 04:03:46'),(299,150,28,'','2016-01-14 04:03:46','2016-01-14 04:03:46'),(300,151,55,'1','2016-01-14 04:06:36','2016-01-14 04:06:36'),(301,151,28,'','2016-01-14 04:06:36','2016-01-14 04:06:36'),(302,152,55,'1','2016-01-14 05:03:39','2016-01-14 05:03:39'),(303,152,28,'','2016-01-14 05:03:39','2016-01-14 05:03:39'),(304,153,97,'1','2016-01-14 13:13:15','2016-01-14 13:13:15'),(305,153,28,'','2016-01-14 13:13:15','2016-01-14 13:13:15'),(306,154,103,'1','2016-01-14 14:24:11','2016-01-14 14:24:11'),(307,154,28,'','2016-01-14 14:24:11','2016-01-14 14:24:11'),(308,155,103,'1','2016-01-14 14:40:41','2016-01-14 14:40:41'),(309,155,28,'','2016-01-14 14:40:41','2016-01-14 14:40:41'),(310,156,103,'1','2016-01-14 14:47:34','2016-01-14 14:47:34'),(311,156,28,'','2016-01-14 14:47:34','2016-01-14 14:47:34'),(313,157,28,'','2016-01-14 23:05:28','2016-01-14 23:05:28'),(315,158,28,'','2016-01-15 10:36:08','2016-01-15 10:36:08'),(316,159,107,'1','2016-01-18 22:08:29','2016-01-18 22:08:29'),(317,159,28,'','2016-01-18 22:08:29','2016-01-18 22:08:29'),(318,160,106,'1','2016-01-18 22:22:16','2016-01-18 22:22:16'),(319,160,28,'','2016-01-18 22:22:16','2016-01-18 22:22:16'),(320,161,106,'1','2016-01-18 22:39:28','2016-01-18 22:39:28'),(321,161,28,'','2016-01-18 22:39:28','2016-01-18 22:39:28'),(322,162,108,'1','2016-01-18 22:42:24','2016-01-18 22:42:24'),(323,162,28,'','2016-01-18 22:42:24','2016-01-18 22:42:24'),(324,163,108,'1','2016-01-18 23:14:21','2016-01-18 23:14:21'),(325,163,28,'','2016-01-18 23:14:21','2016-01-18 23:14:21'),(326,164,109,'1','2016-01-18 23:55:23','2016-01-18 23:55:23'),(327,164,28,'','2016-01-18 23:55:23','2016-01-18 23:55:23'),(328,165,55,'1','2016-01-19 00:45:47','2016-01-19 00:45:47'),(329,165,28,'','2016-01-19 00:45:47','2016-01-19 00:45:47'),(330,166,95,'1','2016-01-19 08:12:27','2016-01-19 08:12:27'),(331,166,28,'','2016-01-19 08:12:27','2016-01-19 08:12:27'),(332,167,110,'1','2016-01-19 08:53:54','2016-01-19 08:53:54'),(333,167,28,'','2016-01-19 08:53:54','2016-01-19 08:53:54'),(334,168,95,'1','2016-01-19 11:24:27','2016-01-19 11:24:27'),(335,168,28,'','2016-01-19 11:24:28','2016-01-19 11:24:28'),(336,169,95,'1','2016-01-19 11:25:58','2016-01-19 11:25:58'),(337,169,28,'','2016-01-19 11:25:58','2016-01-19 11:25:58'),(338,170,111,'1','2016-01-19 16:21:18','2016-01-19 16:21:18'),(339,170,28,'','2016-01-19 16:21:18','2016-01-19 16:21:18'),(341,171,28,'','2016-01-19 16:38:53','2016-01-19 16:38:53'),(342,172,55,'1','2016-01-20 05:26:25','2016-01-20 05:26:25'),(343,172,28,'','2016-01-20 05:26:25','2016-01-20 05:26:25'),(344,173,113,'1','2016-01-20 07:17:51','2016-01-20 07:17:51'),(345,173,28,'','2016-01-20 07:17:51','2016-01-20 07:17:51'),(346,174,111,'1','2016-01-20 07:52:27','2016-01-20 07:52:27'),(347,174,28,'','2016-01-20 07:52:27','2016-01-20 07:52:27'),(348,175,114,'1','2016-01-20 08:07:29','2016-01-20 08:07:29'),(349,175,28,'','2016-01-20 08:07:29','2016-01-20 08:07:29'),(350,176,62,'1','2016-01-21 09:34:01','2016-01-21 09:34:01'),(351,176,28,'','2016-01-21 09:34:01','2016-01-21 09:34:01'),(352,177,62,'1','2016-01-21 09:34:16','2016-01-21 09:34:16'),(353,177,28,'','2016-01-21 09:34:16','2016-01-21 09:34:16'),(354,178,111,'1','2016-01-21 09:45:34','2016-01-21 09:45:34'),(355,178,28,'','2016-01-21 09:45:34','2016-01-21 09:45:34'),(356,179,121,'1','2016-01-21 19:21:28','2016-01-21 19:21:28'),(357,179,28,'','2016-01-21 19:21:28','2016-01-21 19:21:28'),(358,180,123,'1','2016-01-22 06:10:10','2016-01-22 06:10:10'),(359,180,28,'','2016-01-22 06:10:10','2016-01-22 06:10:10'),(360,181,123,'1','2016-01-22 06:35:02','2016-01-22 06:35:02'),(361,181,28,'','2016-01-22 06:35:02','2016-01-22 06:35:02'),(362,182,123,'1','2016-01-22 06:57:44','2016-01-22 06:57:44'),(363,182,28,'','2016-01-22 06:57:44','2016-01-22 06:57:44'),(364,183,124,'1','2016-01-22 07:49:17','2016-01-22 07:49:17'),(365,183,28,'','2016-01-22 07:49:17','2016-01-22 07:49:17'),(366,184,125,'1','2016-01-22 09:14:32','2016-01-22 09:14:32'),(367,184,28,'','2016-01-22 09:14:32','2016-01-22 09:14:32'),(368,185,111,'1','2016-01-22 10:38:20','2016-01-22 10:38:20'),(369,185,28,'','2016-01-22 10:38:20','2016-01-22 10:38:20'),(370,186,111,'1','2016-01-22 10:39:51','2016-01-22 10:39:51'),(371,186,28,'','2016-01-22 10:39:51','2016-01-22 10:39:51'),(372,187,123,'1','2016-01-25 09:39:56','2016-01-25 09:39:56'),(373,187,28,'','2016-01-25 09:39:56','2016-01-25 09:39:56'),(374,188,124,'1','2016-01-25 19:08:12','2016-01-25 19:08:12'),(375,188,28,'','2016-01-25 19:08:12','2016-01-25 19:08:12'),(376,189,124,'1','2016-01-26 06:41:12','2016-01-26 06:41:12'),(377,189,28,'','2016-01-26 06:41:12','2016-01-26 06:41:12'),(378,190,126,'1','2016-01-26 07:13:03','2016-01-26 07:13:03'),(379,190,28,'','2016-01-26 07:13:03','2016-01-26 07:13:03'),(380,191,124,'1','2016-01-26 09:22:21','2016-01-26 09:22:21'),(381,191,28,'','2016-01-26 09:22:21','2016-01-26 09:22:21'),(382,192,124,'1','2016-01-26 09:23:52','2016-01-26 09:23:52'),(383,192,28,'','2016-01-26 09:23:52','2016-01-26 09:23:52'),(384,193,128,'1','2016-01-26 11:33:25','2016-01-26 11:33:25'),(385,193,28,'','2016-01-26 11:33:25','2016-01-26 11:33:25'),(386,194,35,'1','2016-01-26 11:49:34','2016-01-26 11:49:34'),(387,194,28,'','2016-01-26 11:49:34','2016-01-26 11:49:34'),(388,195,129,'1','2016-01-26 11:58:29','2016-01-26 11:58:29'),(389,195,28,'','2016-01-26 11:58:29','2016-01-26 11:58:29'),(390,196,129,'1','2016-01-26 12:05:17','2016-01-26 12:05:17'),(391,196,28,'','2016-01-26 12:05:17','2016-01-26 12:05:17'),(392,197,35,'1','2016-01-26 19:35:17','2016-01-26 19:35:17'),(393,197,28,'','2016-01-26 19:35:17','2016-01-26 19:35:17'),(394,198,129,'1','2016-01-26 20:03:46','2016-01-26 20:03:46'),(395,198,28,'','2016-01-26 20:03:46','2016-01-26 20:03:46'),(396,199,129,'1','2016-01-26 20:30:34','2016-01-26 20:30:34'),(397,199,28,'','2016-01-26 20:30:34','2016-01-26 20:30:34'),(399,200,28,'','2016-01-27 04:37:34','2016-01-27 04:37:34'),(400,201,128,'1','2016-01-27 04:54:43','2016-01-27 04:54:43'),(401,201,28,'','2016-01-27 04:54:43','2016-01-27 04:54:43'),(403,202,28,'','2016-01-27 05:47:31','2016-01-27 05:47:31'),(405,203,28,'','2016-01-27 05:51:25','2016-01-27 05:51:25'),(406,204,35,'1','2016-01-27 08:53:16','2016-01-27 08:53:16'),(407,204,28,'','2016-01-27 08:53:16','2016-01-27 08:53:16'),(408,205,129,'1','2016-01-27 08:57:36','2016-01-27 08:57:36'),(409,205,28,'','2016-01-27 08:57:36','2016-01-27 08:57:36'),(410,206,129,'1','2016-01-27 11:52:04','2016-01-27 11:52:04'),(411,206,28,'','2016-01-27 11:52:04','2016-01-27 11:52:04'),(413,207,28,'','2016-01-28 08:27:04','2016-01-28 08:27:04'),(414,208,126,'1','2016-01-28 08:52:27','2016-01-28 08:52:27'),(415,208,28,'','2016-01-28 08:52:27','2016-01-28 08:52:27'),(416,209,129,'1','2016-01-28 12:13:14','2016-01-28 12:13:14'),(417,209,28,'','2016-01-28 12:13:14','2016-01-28 12:13:14'),(418,210,129,'1','2016-01-28 12:26:59','2016-01-28 12:26:59'),(419,210,28,'','2016-01-28 12:26:59','2016-01-28 12:26:59'),(421,211,28,'','2016-01-29 10:28:53','2016-01-29 10:28:53'),(422,212,129,'1','2016-01-29 14:34:53','2016-01-29 14:34:53'),(423,212,28,'','2016-01-29 14:34:53','2016-01-29 14:34:53'),(425,214,28,'','2016-01-31 16:58:22','2016-01-31 16:58:22'),(426,215,132,'1','2016-02-02 07:36:22','2016-02-02 07:36:22'),(427,215,28,'','2016-02-02 07:36:22','2016-02-02 07:36:22'),(429,216,28,'','2016-02-02 09:35:27','2016-02-02 09:35:27'),(430,217,62,'1','2016-02-02 12:04:18','2016-02-02 12:04:18'),(431,217,28,'','2016-02-02 12:04:18','2016-02-02 12:04:18'),(433,218,28,'','2016-02-04 17:44:37','2016-02-04 17:44:37'),(435,219,28,'','2016-02-05 04:10:28','2016-02-05 04:10:28'),(436,220,50,'1','2016-02-05 08:56:17','2016-02-05 08:56:17'),(437,220,28,'','2016-02-05 08:56:17','2016-02-05 08:56:17'),(438,221,50,'1','2016-02-05 12:10:21','2016-02-05 12:10:21'),(439,221,28,'','2016-02-05 12:10:21','2016-02-05 12:10:21'),(440,222,135,'1','2016-02-07 12:45:43','2016-02-07 12:45:43'),(441,222,28,'','2016-02-07 12:45:43','2016-02-07 12:45:43'),(442,223,141,'1','2016-02-08 06:28:02','2016-02-08 06:28:02'),(443,223,28,'','2016-02-08 06:28:02','2016-02-08 06:28:02'),(444,224,140,'1','2016-02-08 10:17:37','2016-02-08 10:17:37'),(445,224,28,'','2016-02-08 10:17:37','2016-02-08 10:17:37'),(446,225,140,'1','2016-02-08 10:40:43','2016-02-08 10:40:43'),(447,225,28,'','2016-02-08 10:40:43','2016-02-08 10:40:43'),(448,226,142,'1','2016-02-16 08:28:32','2016-02-16 08:28:32'),(449,226,28,'','2016-02-16 08:28:32','2016-02-16 08:28:32'),(450,227,143,'1','2016-02-17 03:53:40','2016-02-17 03:53:40'),(451,227,28,'','2016-02-17 03:53:40','2016-02-17 03:53:40'),(452,228,142,'1','2016-03-18 14:53:28','2016-03-18 14:53:28'),(453,228,28,'','2016-03-18 14:53:28','2016-03-18 14:53:28'),(454,229,142,'1','2016-03-19 10:04:24','2016-03-19 10:04:24'),(455,229,28,'','2016-03-19 10:04:24','2016-03-19 10:04:24'),(456,230,147,'1','2016-03-19 15:08:30','2016-03-19 15:08:30'),(457,230,28,'','2016-03-19 15:08:30','2016-03-19 15:08:30'),(458,231,147,'1','2016-03-19 15:08:47','2016-03-19 15:08:47'),(459,231,28,'','2016-03-19 15:08:47','2016-03-19 15:08:47'),(460,232,147,'1','2016-03-19 15:09:28','2016-03-19 15:09:28'),(461,232,28,'','2016-03-19 15:09:28','2016-03-19 15:09:28'),(462,233,147,'1','2016-03-19 15:58:44','2016-03-19 15:58:44'),(463,233,28,'','2016-03-19 15:58:44','2016-03-19 15:58:44'),(464,234,147,'1','2016-03-19 16:00:16','2016-03-19 16:00:16'),(465,234,28,'','2016-03-19 16:00:16','2016-03-19 16:00:16'),(466,235,147,'1','2016-03-19 16:01:03','2016-03-19 16:01:03'),(467,235,28,'','2016-03-19 16:01:03','2016-03-19 16:01:03'),(468,236,147,'1','2016-03-19 16:14:12','2016-03-19 16:14:12'),(469,236,28,'','2016-03-19 16:14:12','2016-03-19 16:14:12'),(470,237,147,'1','2016-03-19 16:14:38','2016-03-19 16:14:38'),(471,237,28,'','2016-03-19 16:14:38','2016-03-19 16:14:38'),(472,238,141,'1','2016-03-19 17:12:30','2016-03-19 17:12:30'),(473,238,28,'','2016-03-19 17:12:30','2016-03-19 17:12:30'),(474,239,142,'1','2016-03-19 18:48:40','2016-03-19 18:48:40'),(475,239,28,'','2016-03-19 18:48:40','2016-03-19 18:48:40'),(476,240,142,'1','2016-03-19 18:49:31','2016-03-19 18:49:31'),(477,240,28,'','2016-03-19 18:49:31','2016-03-19 18:49:31'),(478,241,62,'1','2016-03-21 07:13:09','2016-03-21 07:13:09'),(479,241,28,'','2016-03-21 07:13:09','2016-03-21 07:13:09'),(480,242,62,'1','2016-03-21 10:17:57','2016-03-21 10:17:57'),(481,242,28,'','2016-03-21 10:17:57','2016-03-21 10:17:57'),(482,243,142,'1','2016-03-21 14:47:03','2016-03-21 14:47:03'),(483,243,28,'','2016-03-21 14:47:03','2016-03-21 14:47:03'),(484,244,148,'1','2016-03-24 07:29:44','2016-03-24 07:29:44'),(485,244,28,'','2016-03-24 07:29:44','2016-03-24 07:29:44'),(486,245,142,'1','2016-03-24 11:34:29','2016-03-24 11:34:29'),(487,245,28,'','2016-03-24 11:34:29','2016-03-24 11:34:29'),(488,246,142,'1','2016-03-24 22:39:58','2016-03-24 22:39:58'),(489,246,28,'','2016-03-24 22:39:58','2016-03-24 22:39:58'),(490,247,152,'1','2016-03-25 11:03:23','2016-03-25 11:03:23'),(491,247,28,'','2016-03-25 11:03:23','2016-03-25 11:03:23'),(492,248,152,'1','2016-03-25 11:22:39','2016-03-25 11:22:39'),(493,248,28,'','2016-03-25 11:22:39','2016-03-25 11:22:39'),(494,249,155,'1','2016-03-25 16:25:13','2016-03-25 16:25:13'),(495,249,28,'','2016-03-25 16:25:13','2016-03-25 16:25:13'),(496,250,156,'1','2016-03-25 16:27:11','2016-03-25 16:27:11'),(497,250,28,'','2016-03-25 16:27:11','2016-03-25 16:27:11'),(498,251,157,'1','2016-03-25 16:38:52','2016-03-25 16:38:52'),(499,251,28,'','2016-03-25 16:38:52','2016-03-25 16:38:52');
/*!40000 ALTER TABLE `chat_group` ENABLE KEYS */;
UNLOCK TABLES;

--
-- Table structure for table `company`
--

DROP TABLE IF EXISTS `company`;
/*!40101 SET @saved_cs_client     = @@character_set_client */;
/*!40101 SET character_set_client = utf8 */;
CREATE TABLE `company` (
  `id` int(11) NOT NULL AUTO_INCREMENT,
  `name` varchar(255) NOT NULL,
  `active` int(11) NOT NULL DEFAULT '1' COMMENT '1 - active, 2  - inactive',
  `status` char(1) NOT NULL DEFAULT '1' COMMENT '1 - enable, 2 - delete',
  `created` datetime NOT NULL,
  `modified` datetime NOT NULL,
  `created_by` int(11) NOT NULL,
  PRIMARY KEY (`id`)
) ENGINE=InnoDB AUTO_INCREMENT=49 DEFAULT CHARSET=latin1;
/*!40101 SET character_set_client = @saved_cs_client */;

--
-- Dumping data for table `company`
--

LOCK TABLES `company` WRITE;
/*!40000 ALTER TABLE `company` DISABLE KEYS */;
INSERT INTO `company` VALUES (1,'Company 1',1,'1','2011-05-15 05:00:00','0000-00-00 00:00:00',1),(2,'asdasdas',1,'2','2015-11-26 09:17:54','2015-12-15 10:31:48',0),(3,'Comp 3',1,'2','2015-11-26 09:20:11','2015-12-15 10:31:24',0),(4,'sdsdfsdfsdf',1,'2','2015-11-26 09:21:14','2015-12-15 10:31:17',0),(5,'abc',1,'2','2015-11-26 09:25:15','2015-12-21 09:14:13',0),(6,'vvv',1,'2','2015-11-26 09:29:11','2015-12-21 09:14:10',0),(7,'mmm',1,'2','2015-11-26 09:29:25','2015-12-16 05:03:48',0),(8,'dddd',1,'2','2015-11-26 09:29:43','2015-12-21 09:14:05',0),(9,'FFF',1,'2','2015-11-26 09:41:09','2015-12-21 09:13:59',0),(10,'EEE',1,'2','2015-11-26 09:41:42','2015-12-16 05:59:36',0),(11,'DDD',1,'2','2015-11-26 09:42:11','2015-11-26 10:21:49',0),(12,'Mine',1,'2','2015-12-08 09:46:55','2015-12-15 10:31:37',0),(13,'ddde',1,'2','2015-12-09 10:26:00','2015-12-15 10:31:33',0),(14,'RRRRRR',1,'2','2015-12-15 05:05:01','2015-12-21 09:13:55',0),(15,'Codebuilders AB',1,'2','2015-12-15 11:48:02','2015-12-15 13:27:33',0),(16,'Company1',1,'1','2015-12-15 11:48:44','2015-12-15 11:48:44',0),(17,'jackson 5',1,'2','2015-12-15 11:58:29','2015-12-21 09:13:51',0),(18,'dfjkhdsfasdf',1,'2','2015-12-15 12:27:41','2015-12-21 09:13:47',0),(19,'Codebuilders',1,'1','2015-12-15 13:33:54','2015-12-15 13:33:54',0),(20,'jackson 1234567',1,'2','2015-12-15 15:58:01','2015-12-21 09:13:42',0),(21,'Jackson 5123456',1,'2','2015-12-15 15:58:19','2015-12-21 09:13:39',0),(22,'testthilan',1,'2','2015-12-15 19:06:33','2015-12-18 19:02:49',0),(23,'Test.S',1,'2','2015-12-16 05:00:16','2015-12-16 05:00:27',0),(24,'Test.Sam',1,'2','2015-12-16 05:00:50','2015-12-16 05:00:57',0),(25,'Test.Sa',1,'2','2015-12-16 05:01:50','2015-12-16 05:01:55',0),(26,'Test.Sam123',1,'2','2015-12-16 05:02:14','2015-12-21 09:13:35',0),(27,'TestCompany',1,'2','2015-12-16 20:11:06','2015-12-21 09:13:31',0),(28,'EF company',1,'2','2015-12-17 15:09:05','2015-12-21 09:13:26',0),(29,'thilantest2',1,'2','2015-12-18 18:54:32','2015-12-18 19:02:38',0),(30,'Popup Marketers',1,'1','2015-12-21 08:45:56','2015-12-21 08:45:56',0),(31,'Last Minute Solutions',1,'1','2015-12-21 08:59:59','2015-12-21 08:59:59',0),(32,'Swanstaff Co',1,'1','2015-12-21 09:49:01','2015-12-21 09:49:01',0),(33,'testcompany1',1,'2','2015-12-22 18:37:17','2015-12-22 18:46:33',0),(34,'Garden Company Ltd',1,'1','2015-12-25 09:33:04','2015-12-25 09:33:04',0),(35,'msgPUSh Ltd.',1,'1','2016-01-04 02:15:25','2016-01-04 02:15:25',0),(36,'Thilan_test',1,'1','2016-01-11 20:07:55','2016-01-11 20:07:55',0),(37,'_company',1,'1','2016-01-11 20:07:58','2016-01-11 20:07:58',0),(38,'Thilan_test_company',1,'1','2016-01-11 20:08:14','2016-01-11 20:08:14',0),(39,'Telia',1,'1','2016-01-15 10:15:17','2016-01-15 10:15:17',0),(40,'Chamara Pvt Ltd',1,'1','2016-01-19 13:29:52','2016-01-19 13:29:52',0),(41,'Testprojekt Rasmus',1,'1','2016-01-20 08:19:27','2016-01-20 08:19:27',0),(42,'Cool Company',1,'1','2016-01-21 09:02:08','2016-01-21 09:02:08',0),(43,'Cool Comapny',1,'1','2016-01-21 09:18:16','2016-01-21 09:18:16',0),(44,'Japanese Mochi',1,'1','2016-01-21 14:12:25','2016-01-21 14:12:25',0),(45,'Sinep',1,'1','2016-01-26 14:01:43','2016-01-26 14:01:43',0),(46,'hogwarts',1,'1','2016-01-26 14:02:35','2016-01-26 14:02:35',0),(47,'Test123',1,'1','2016-01-26 14:41:16','2016-01-26 14:41:16',0),(48,'Chapa Company',1,'1','2016-02-05 11:55:21','2016-02-05 11:55:21',0);
/*!40000 ALTER TABLE `company` ENABLE KEYS */;
UNLOCK TABLES;

--
-- Table structure for table `country`
--

DROP TABLE IF EXISTS `country`;
/*!40101 SET @saved_cs_client     = @@character_set_client */;
/*!40101 SET character_set_client = utf8 */;
CREATE TABLE `country` (
  `id` int(11) NOT NULL AUTO_INCREMENT,
  `country_code` varchar(2) NOT NULL DEFAULT '',
  `country_name` varchar(100) NOT NULL DEFAULT '',
  PRIMARY KEY (`id`)
) ENGINE=InnoDB AUTO_INCREMENT=247 DEFAULT CHARSET=latin1;
/*!40101 SET character_set_client = @saved_cs_client */;

--
-- Dumping data for table `country`
--

LOCK TABLES `country` WRITE;
/*!40000 ALTER TABLE `country` DISABLE KEYS */;
INSERT INTO `country` VALUES (1,'AF','Afghanistan'),(2,'AL','Albania'),(3,'DZ','Algeria'),(4,'DS','American Samoa'),(5,'AD','Andorra'),(6,'AO','Angola'),(7,'AI','Anguilla'),(8,'AQ','Antarctica'),(9,'AG','Antigua and/or Barbuda'),(10,'AR','Argentina'),(11,'AM','Armenia'),(12,'AW','Aruba'),(13,'AU','Australia'),(14,'AT','Austria'),(15,'AZ','Azerbaijan'),(16,'BS','Bahamas'),(17,'BH','Bahrain'),(18,'BD','Bangladesh'),(19,'BB','Barbados'),(20,'BY','Belarus'),(21,'BE','Belgium'),(22,'BZ','Belize'),(23,'BJ','Benin'),(24,'BM','Bermuda'),(25,'BT','Bhutan'),(26,'BO','Bolivia'),(27,'BA','Bosnia and Herzegovina'),(28,'BW','Botswana'),(29,'BV','Bouvet Island'),(30,'BR','Brazil'),(31,'IO','British Indian Ocean Territory'),(32,'BN','Brunei Darussalam'),(33,'BG','Bulgaria'),(34,'BF','Burkina Faso'),(35,'BI','Burundi'),(36,'KH','Cambodia'),(37,'CM','Cameroon'),(38,'CA','Canada'),(39,'CV','Cape Verde'),(40,'KY','Cayman Islands'),(41,'CF','Central African Republic'),(42,'TD','Chad'),(43,'CL','Chile'),(44,'CN','China'),(45,'CX','Christmas Island'),(46,'CC','Cocos (Keeling) Islands'),(47,'CO','Colombia'),(48,'KM','Comoros'),(49,'CG','Congo'),(50,'CK','Cook Islands'),(51,'CR','Costa Rica'),(52,'HR','Croatia (Hrvatska)'),(53,'CU','Cuba'),(54,'CY','Cyprus'),(55,'CZ','Czech Republic'),(56,'DK','Denmark'),(57,'DJ','Djibouti'),(58,'DM','Dominica'),(59,'DO','Dominican Republic'),(60,'TP','East Timor'),(61,'EC','Ecuador'),(62,'EG','Egypt'),(63,'SV','El Salvador'),(64,'GQ','Equatorial Guinea'),(65,'ER','Eritrea'),(66,'EE','Estonia'),(67,'ET','Ethiopia'),(68,'FK','Falkland Islands (Malvinas)'),(69,'FO','Faroe Islands'),(70,'FJ','Fiji'),(71,'FI','Finland'),(72,'FR','France'),(73,'FX','France, Metropolitan'),(74,'GF','French Guiana'),(75,'PF','French Polynesia'),(76,'TF','French Southern Territories'),(77,'GA','Gabon'),(78,'GM','Gambia'),(79,'GE','Georgia'),(80,'DE','Germany'),(81,'GH','Ghana'),(82,'GI','Gibraltar'),(83,'GK','Guernsey'),(84,'GR','Greece'),(85,'GL','Greenland'),(86,'GD','Grenada'),(87,'GP','Guadeloupe'),(88,'GU','Guam'),(89,'GT','Guatemala'),(90,'GN','Guinea'),(91,'GW','Guinea-Bissau'),(92,'GY','Guyana'),(93,'HT','Haiti'),(94,'HM','Heard and Mc Donald Islands'),(95,'HN','Honduras'),(96,'HK','Hong Kong'),(97,'HU','Hungary'),(98,'IS','Iceland'),(99,'IN','India'),(100,'IM','Isle of Man'),(101,'ID','Indonesia'),(102,'IR','Iran (Islamic Republic of)'),(103,'IQ','Iraq'),(104,'IE','Ireland'),(105,'IL','Israel'),(106,'IT','Italy'),(107,'CI','Ivory Coast'),(108,'JE','Jersey'),(109,'JM','Jamaica'),(110,'JP','Japan'),(111,'JO','Jordan'),(112,'KZ','Kazakhstan'),(113,'KE','Kenya'),(114,'KI','Kiribati'),(115,'KP','Korea, Democratic People\'s Republic of'),(116,'KR','Korea, Republic of'),(117,'XK','Kosovo'),(118,'KW','Kuwait'),(119,'KG','Kyrgyzstan'),(120,'LA','Lao People\'s Democratic Republic'),(121,'LV','Latvia'),(122,'LB','Lebanon'),(123,'LS','Lesotho'),(124,'LR','Liberia'),(125,'LY','Libyan Arab Jamahiriya'),(126,'LI','Liechtenstein'),(127,'LT','Lithuania'),(128,'LU','Luxembourg'),(129,'MO','Macau'),(130,'MK','Macedonia'),(131,'MG','Madagascar'),(132,'MW','Malawi'),(133,'MY','Malaysia'),(134,'MV','Maldives'),(135,'ML','Mali'),(136,'MT','Malta'),(137,'MH','Marshall Islands'),(138,'MQ','Martinique'),(139,'MR','Mauritania'),(140,'MU','Mauritius'),(141,'TY','Mayotte'),(142,'MX','Mexico'),(143,'FM','Micronesia, Federated States of'),(144,'MD','Moldova, Republic of'),(145,'MC','Monaco'),(146,'MN','Mongolia'),(147,'ME','Montenegro'),(148,'MS','Montserrat'),(149,'MA','Morocco'),(150,'MZ','Mozambique'),(151,'MM','Myanmar'),(152,'NA','Namibia'),(153,'NR','Nauru'),(154,'NP','Nepal'),(155,'NL','Netherlands'),(156,'AN','Netherlands Antilles'),(157,'NC','New Caledonia'),(158,'NZ','New Zealand'),(159,'NI','Nicaragua'),(160,'NE','Niger'),(161,'NG','Nigeria'),(162,'NU','Niue'),(163,'NF','Norfolk Island'),(164,'MP','Northern Mariana Islands'),(165,'NO','Norway'),(166,'OM','Oman'),(167,'PK','Pakistan'),(168,'PW','Palau'),(169,'PS','Palestine'),(170,'PA','Panama'),(171,'PG','Papua New Guinea'),(172,'PY','Paraguay'),(173,'PE','Peru'),(174,'PH','Philippines'),(175,'PN','Pitcairn'),(176,'PL','Poland'),(177,'PT','Portugal'),(178,'PR','Puerto Rico'),(179,'QA','Qatar'),(180,'RE','Reunion'),(181,'RO','Romania'),(182,'RU','Russian Federation'),(183,'RW','Rwanda'),(184,'KN','Saint Kitts and Nevis'),(185,'LC','Saint Lucia'),(186,'VC','Saint Vincent and the Grenadines'),(187,'WS','Samoa'),(188,'SM','San Marino'),(189,'ST','Sao Tome and Principe'),(190,'SA','Saudi Arabia'),(191,'SN','Senegal'),(192,'RS','Serbia'),(193,'SC','Seychelles'),(194,'SL','Sierra Leone'),(195,'SG','Singapore'),(196,'SK','Slovakia'),(197,'SI','Slovenia'),(198,'SB','Solomon Islands'),(199,'SO','Somalia'),(200,'ZA','South Africa'),(201,'GS','South Georgia South Sandwich Islands'),(202,'ES','Spain'),(203,'LK','Sri Lanka'),(204,'SH','St. Helena'),(205,'PM','St. Pierre and Miquelon'),(206,'SD','Sudan'),(207,'SR','Suriname'),(208,'SJ','Svalbard and Jan Mayen Islands'),(209,'SZ','Swaziland'),(210,'SE','Sweden'),(211,'CH','Switzerland'),(212,'SY','Syrian Arab Republic'),(213,'TW','Taiwan'),(214,'TJ','Tajikistan'),(215,'TZ','Tanzania, United Republic of'),(216,'TH','Thailand'),(217,'TG','Togo'),(218,'TK','Tokelau'),(219,'TO','Tonga'),(220,'TT','Trinidad and Tobago'),(221,'TN','Tunisia'),(222,'TR','Turkey'),(223,'TM','Turkmenistan'),(224,'TC','Turks and Caicos Islands'),(225,'TV','Tuvalu'),(226,'UG','Uganda'),(227,'UA','Ukraine'),(228,'AE','United Arab Emirates'),(229,'GB','United Kingdom'),(230,'US','United States'),(231,'UM','United States minor outlying islands'),(232,'UY','Uruguay'),(233,'UZ','Uzbekistan'),(234,'VU','Vanuatu'),(235,'VA','Vatican City State'),(236,'VE','Venezuela'),(237,'VN','Vietnam'),(238,'VG','Virgin Islands (British)'),(239,'VI','Virgin Islands (U.S.)'),(240,'WF','Wallis and Futuna Islands'),(241,'EH','Western Sahara'),(242,'YE','Yemen'),(243,'YU','Yugoslavia'),(244,'ZR','Zaire'),(245,'ZM','Zambia'),(246,'ZW','Zimbabwe');
/*!40000 ALTER TABLE `country` ENABLE KEYS */;
UNLOCK TABLES;

--
-- Table structure for table `gig`
--

DROP TABLE IF EXISTS `gig`;
/*!40101 SET @saved_cs_client     = @@character_set_client */;
/*!40101 SET character_set_client = utf8 */;
CREATE TABLE `gig` (
  `id` int(11) NOT NULL AUTO_INCREMENT,
  `company_id` int(11) NOT NULL,
  `title` varchar(255) NOT NULL,
  `gig_image` varchar(255) NOT NULL,
  `sub_title1` varchar(255) NOT NULL,
  `sub_title2` varchar(255) NOT NULL,
  `active` char(1) NOT NULL DEFAULT '1' COMMENT '1 - active, 2 - inactive',
  `status` char(1) NOT NULL DEFAULT '1' COMMENT '1 - enabled, 2 - deleted',
  `created_by` int(11) NOT NULL,
  `description` text NOT NULL,
  `created` datetime NOT NULL,
  `modified` datetime NOT NULL,
  PRIMARY KEY (`id`)
) ENGINE=InnoDB AUTO_INCREMENT=74 DEFAULT CHARSET=latin1;
/*!40101 SET character_set_client = @saved_cs_client */;

--
-- Dumping data for table `gig`
--

LOCK TABLES `gig` WRITE;
/*!40000 ALTER TABLE `gig` DISABLE KEYS */;
INSERT INTO `gig` VALUES (1,1,'Need a plumber','1453445442.jpg','For on going work','10th Jan 2016','1','1',28,'<p>Our client is looking for an <span style=\"font-style: italic;\">experienced</span> domestic plumber for an <span style=\"font-weight: bold;\">ongoing job</span>. The role comes with a<span style=\"text-decoration: underline;\"> fully expensed</span> van for traveling between properties.</p>','2015-11-30 10:39:37','2016-01-22 06:50:44'),(3,1,'Tutor!','preview41.jpg','Tutor','Tutor','2','2',28,'<p><span style=\"font-weight: bold;\">fsdf sfsdf</span></p><p><span style=\"font-weight: bold;\">test<br></span></p>','2015-11-05 07:17:33','2015-12-17 21:18:55'),(4,1,'Cleaner','preview41.jpg','Sub 1','Sub 2','1','2',28,'fsdf sfsdf','2015-11-05 07:17:33','2015-12-17 23:12:58'),(5,1,'Need a plumber','preview41.jpg','Sub 1','Sub 2','1','2',28,'<span style=\"font-weight: bold;\">fsdf sfsdf</span>','2015-11-05 07:17:33','2015-12-21 09:12:11'),(6,1,'Need a plumber Test Updatemmm','preview41.jpg','Sub 1','Sub 2','1','2',28,'fsdf sfsdf','2015-11-05 07:17:33','2015-12-21 09:11:51'),(7,8,'Latest Job','preview41.jpg','Sub 1','Sub 2','1','2',28,'fsdf sfsdf','2015-11-19 00:00:00','2015-12-21 09:11:59'),(8,1,'Need a plumber new','preview41.jpg','Sub 1','Sub 2','1','0',28,'sdfsd fsdfsd fdsf','2015-11-26 08:08:56','2015-11-26 08:08:56'),(9,1,'Need a plumber new','preview41.jpg','Sub 1','Sub 2','1','0',28,'dfsdfsd ','2015-11-26 08:09:13','2015-11-26 08:09:13'),(10,1,'Need a plumber new','preview41.jpg','Sub 1','Sub 2','1','2',28,'ds fds sd sdds ','2015-11-26 08:10:17','2015-12-18 08:28:43'),(11,11,'Need a plumber new123','preview41.jpg','sdfdsfsdfsd','sdfsdfsdf','2','2',28,'sfsdf sdfsdf sdfs dfs f','2015-11-26 09:42:23','2015-12-17 17:00:22'),(12,5,'Need a plumber new123','preview41.jpg','Sub 1','Sub 2','2','2',28,'<p><span style=\"font-weight: bold;\">sdf sd fsdf sdf&nbsp;</span></p>','2015-12-09 18:00:04','2015-12-17 17:01:31'),(13,5,'Image upload','1449687962.jpg','Sub 1','Sub 2','1','2',28,'<p>sdfs sdf sdf sd</p>','2015-12-09 19:06:04','2015-12-21 09:11:31'),(14,8,'Need affff','1450077552.jpg','Sub 1','Sub 2','1','2',28,'<p>asd asda sada sda adas</p>','2015-12-14 07:19:26','2015-12-21 09:11:21'),(15,14,'Formatted text1','1450182566.jpg','Sub 1234','Sub 23455213213123','2','2',28,'<div style=\"text-align: justify;\"><span style=\"color: rgb(0, 0, 0); font-family: Arial, Helvetica, sans; font-size: 11px; font-weight: bold; line-height: 14px;\">Lorem Ipsum is simply dummy text of the printing and typesetting industry. Lorem Ipsum has been the industry\'s standard dummy text ever since the 1500s, when an unknown printer took a galley of type and scrambled it to make a type specimen book. It has survived not only five centuries, but also the leap into electronic typesetting, remaining essentially unchanged. It was popularised in the 1960s with the release of Letraset sheets containing Lorem Ipsum passages, and more recently with desktop publishing software like Aldus PageMaker including versions of Lorem Ipsum.</span></div><div style=\"text-align: justify;\"><br></div><div style=\"text-align: justify;\"><div>Lorem Ipsum is simply dummy text of the printing and typesetting industry. Lorem Ipsum has been the industry\'s standard dummy text ever since the 1500s, when an unknown printer took a galley of type and scrambled it to make a type specimen book. It has survived not only five centuries, but also the leap into electronic typesetting, remaining essentially unchanged. It was popularised in the 1960s with the release of Letraset sheets containing Lorem Ipsum passages, and more recently with desktop publishing software like Aldus PageMaker including versions of Lorem Ipsum.</div><div><br></div></div>','2015-12-14 09:28:58','2015-12-18 19:05:32'),(16,14,'New gig test','1450157020.jpg','Sub 1','Sub 2','1','2',28,'<p>sdfsdfsdfsd sdf sdfsd sdf sd&nbsp;<span style=\"line-height: 1.42857;\">sdfsdfsdfsd sdf sdfsd sdf sd&nbsp;</span><span style=\"line-height: 1.42857;\">sdfsdfsdfsd sdf sdfsd sdf sd&nbsp;</span><span style=\"line-height: 1.42857;\">sdfsdfsdfsd sdf sdfsd sdf sd&nbsp;</span><span style=\"line-height: 1.42857;\">sdfsdfsdfsd sdf sdfsd sdf sd&nbsp;</span><span style=\"line-height: 1.42857;\">sdfsdfsdfsd sdf sdfsd sdf sd&nbsp;</span><span style=\"line-height: 1.42857;\">sdfsdfsdfsd sdf sdfsd sdf sd&nbsp;</span><span style=\"line-height: 1.42857;\">sdfsdfsdfsd sdf sdfsd sdf sd&nbsp;</span><span style=\"line-height: 1.42857;\">sdfsdfsdfsd sdf sdfsd sdf sd&nbsp;</span><span style=\"line-height: 1.42857;\">sdfsdfsdfsd sdf sdfsd sdf sd&nbsp;</span><span style=\"line-height: 1.42857;\">sdfsdfsdfsd sdf sdfsd sdf sd&nbsp;</span><span style=\"line-height: 1.42857;\">sdfsdfsdfsd sdf sdfsd sdf sd&nbsp;</span><span style=\"line-height: 1.42857;\">sdfsdfsdfsd sdf sdfsd sdf sd&nbsp;</span><span style=\"line-height: 1.42857;\">sdfsdfsdfsd sdf sdfsd sdf sd&nbsp;</span><span style=\"line-height: 1.42857;\">sdfsdfsdfsd sdf sdfsd sdf sd&nbsp;</span><span style=\"line-height: 1.42857;\">sdfsdfsdfsd sdf sdfsd sdf sd&nbsp;</span><span style=\"line-height: 1.42857;\">sdfsdfsdfsd sdf sdfsd sdf sd&nbsp;</span><span style=\"line-height: 1.42857;\">sdfsdfsdfsd sdf sdfsd sdf sd&nbsp;</span><span style=\"line-height: 1.42857;\">sdfsdfsdfsd sdf sdfsd sdf sd&nbsp;</span><span style=\"line-height: 1.42857;\">sdfsdfsdfsd sdf sdfsd sdf sd&nbsp;</span><span style=\"line-height: 1.42857;\">sdfsdfsdfsd sdf sdfsd sdf sd&nbsp;</span><span style=\"line-height: 1.42857;\">sdfsdfsdfsd sdf sdfsd sdf sd&nbsp;</span><span style=\"line-height: 1.42857;\">sdfsdfsdfsd sdf sdfsd sdf sd&nbsp;</span></p>','2015-12-15 05:23:48','2015-12-15 05:23:48'),(17,5,'Project Manager','1450180710.jpg','Drömjobb i Sri Lanka','April 2016','2','2',28,'<p><span style=\"font-weight: bold;\">Title1</span></p><p>Text Text Text Text <span style=\"font-weight: bold;\"></span>Text Text Text Text Text <span style=\"font-weight: bold;\"></span>Text Text Text Text&nbsp; T<br>Text Text Text Text <span style=\"font-weight: bold;\"></span>Text Text Text Text Text <span style=\"font-weight: bold;\"></span>Text Text Text Text&nbsp; T<br>Text Text Text Text <span style=\"font-weight: bold;\"></span>Text Text Text Text Text <span style=\"font-weight: bold;\"></span>Text Text Text Text&nbsp; T<br></p><p><span style=\"font-weight: bold;\">Title2</span></p>Text Text Text Text <span style=\"font-weight: bold;\"></span>Text Text Text Text Text <span style=\"font-weight: bold;\"></span>Text Text Text Text&nbsp; T<br>Text Text Text Text <span style=\"font-weight: bold;\"></span>Text Text Text Text Text <span style=\"font-weight: bold;\"></span>Text Text Text Text&nbsp; T<br>Text Text Text Text <span style=\"font-weight: bold;\"></span>Text Text Text Text Text <span style=\"font-weight: bold;\"></span>Text Text Text Text&nbsp; T<br><span style=\"font-weight: bold;\"><br></span><p><span style=\"font-weight: bold;\">Title3</span></p>Text Text Text Text <span style=\"font-weight: bold;\"></span>Text Text Text Text Text <span style=\"font-weight: bold;\"></span>Text Text Text Text&nbsp; T<br>Text Text Text Text <span style=\"font-weight: bold;\"></span>Text Text Text Text Text <span style=\"font-weight: bold;\"></span>Text Text Text Text&nbsp; T<br>Text Text Text Text <span style=\"font-weight: bold;\"></span>Text Text Text Text Text <span style=\"font-weight: bold;\"></span>Text Text Text Text&nbsp; T<span style=\"font-weight: bold;\"><br></span>','2015-12-15 11:58:38','2015-12-17 23:12:45'),(18,19,'PM for Codebuilders','1450186486.jpg','Live in Sri Lanka','April 2016','1','2',28,'<p><span style=\"font-weight: bold;\">Title</span></p><p>Text text</p><p><span style=\"text-decoration: underline;\">Underline</span><br></p>','2015-12-15 13:34:56','2015-12-17 21:20:50'),(19,19,'PM for Codebuilders','1450186577.jpg','Live in Sri Lanka','April 2016','2','0',28,'<p><span style=\"font-weight: bold;\">Title</span></p><p>Text<br></p>','2015-12-15 13:36:21','2015-12-17 21:22:21'),(20,22,'testthilan','1450206429.jpg','testthilan1','testthilan2','1','2',28,'<p>testthilantestthilan<br></p>','2015-12-15 19:07:18','2015-12-15 19:07:18'),(21,22,'testthilan','1450206522.jpg','testthilan','testthilan','1','2',28,'<p>testthilan</p><p>testthilan<br></p>','2015-12-15 19:08:59','2015-12-17 21:00:10'),(22,5,'testthilan','1450206863.jpg','testthilan','testthilan','1','2',28,'<p>testthilan<br></p>','2015-12-15 19:14:28','2015-12-17 18:12:09'),(23,26,'Test.Sam123','1450242303.jpg','Subtitle 1.Testing Testing','Subtitle 2.Test123','1','2',28,'<p><span style=\"font-weight: bold;\">This is a Test</span></p><p><span style=\"font-style: italic;\">This is not a Test</span></p><p><span style=\"text-decoration: underline;\">Then what is this?</span></p><p><span style=\"font-weight: bold; font-style: italic;\">It is a joke</span></p><p><span style=\"font-style: italic; font-weight: bold; text-decoration: underline;\">HaHahA</span></p><p><span style=\"text-decoration: underline; font-style: italic;\">no</span></p>','2015-12-16 05:05:10','2015-12-17 21:19:29'),(24,5,'testt12','1450384474.jpg','testt12','testt12','2','2',28,'<p><span style=\"font-weight: bold; font-style: italic; text-decoration: underline;\">testt1testt1testt1testt1</span><br></p>','2015-12-16 19:07:44','2015-12-17 21:12:15'),(25,19,'test2','1450294468.jpg','test2','test2','1','2',28,'<p>test2test2test2test2<br></p>','2015-12-16 19:34:34','2015-12-17 20:56:15'),(26,19,'testthilan12','1450381349.jpg','testthilan12','testthilan12','2','0',28,'<p><span style=\"font-style: italic; text-decoration: underline; font-weight: bold;\">testthilan12</span></p><p><span style=\"font-style: italic; text-decoration: underline; font-weight: bold;\">testthilan12</span></p><p><span style=\"font-style: italic; text-decoration: underline; font-weight: bold;\">testthilan12</span><br></p>','2015-12-17 19:51:22','2015-12-17 20:41:33'),(27,5,'testthilan123','1450383030.jpg','testthilan123','testthilan123','2','2',28,'<p>testthilan123<br></p>','2015-12-17 20:10:35','2015-12-17 20:44:33'),(28,19,'UI designer wanted !','1450388211.jpg','Creative director !','Start 4 Jan 2016 !','1','0',28,'<p><span style=\"font-weight: bold;\">Title</span></p><p>Body</p><p><span style=\"font-style: italic;\">Italic</span></p><p><span style=\"text-decoration: underline;\">Underline</span><br></p>','2015-12-17 21:34:27','2016-01-06 12:01:26'),(29,5,'New Job','1450419357.jpg','Sub 1','Sub 2','1','2',28,'<p>sdfs fs sdf sdf sf sd s&nbsp;</p>','2015-12-18 06:16:07','2015-12-18 06:16:07'),(30,29,'testt5','1450465331.jpg','testt5','testt5','1','2',28,'<p>testt5<br></p>','2015-12-18 19:02:17','2015-12-18 19:02:17'),(31,1,'gigtest1','1450465564.jpg','gigtest1gigtest1','gigtest1','1','2',28,'<p>gigtest1<br></p>','2015-12-18 19:06:09','2015-12-22 06:18:59'),(32,19,'Tele2 - Sales2','1450599851.jpg','We need you now!','December 24 2015','1','2',28,'<p><span style=\"font-weight: bold;\">Title</span></p><p>Body body Body body body Body body body Body body body Body bod l alk jlkjd alkjf lajsdfl jlasjdfl jlajsldfj ladsfj lajdlfj ljalsdfjl ajdlsfjl ajslfj lajsdlf jlasjfl jalsjdfl lsdjf lsdj body</p><p><span style=\"font-weight: bold;\">Title</span></p><p>Body body Body body body Body body body Body body body Body bod l alk jlkjd alkjf lajsdfl jlasjdfl jlajsldfj ladsfj lajdlfj ljalsdfjl ajdlsfjl ajslfj lajsdlf jlasjfl jalsjdfl lsdjf lsdj body</p>åäö<br>','2015-12-20 07:33:10','2015-12-21 09:12:21'),(33,19,'This Gig has a very long title which covers the whole screen','1453444576.jpg','This Gig has a very long sub title which','Stockholm Södermalm Real SoFo Crew, 2015-12-24','1','1',28,'<h1>Vill du jobba med framtidens yrke?</h1><p>WyWallet erbjuder flera olika mobila betaltjänster och visionen är att bli den ledande mobila plånboken i Sverige. De tjänster som erbjuds idag är SMS-köp, onlinebetalning, betalning i fysisk butik, möjligheten att överföra pengar till ett visst mobilnummer samt laddning av kontaktkort</p><h1>Om rollen</h1><p>Som en del i ett team på fem personer kommer du att vara en av två tekniska specialister avseende handlarintegrationer och därmed ta ett helhetsansvar för området. Med handlare avses SMS-handlare, webbhandlare samt handlare inom fysisk handel. Du kommer att spela en viktig roll genom att stötta handlare vid integration av WyWallets produkt och driva förbättringsarbetet av hela integrationsförloppet.</p><h3>Din profil</h3><p>För att passa i rollen som teknisk specialist på WyWallet behöver du vara serviceminded och uthållig i din kontakt med kunder. WyWallet ser gärna att du har interesse för och erfarenhet av betalningslösningar och transaktionstunga system.<br></p>','2015-12-20 08:18:36','2016-01-28 08:48:06'),(34,19,'Tele2 - Sales3','1450600456.jpg','We need you now!','Apply','1','2',28,'<p>Wywallet<br></p>','2015-12-20 08:30:28','2015-12-20 08:55:51'),(35,6,'Riksbanken','1450654126.jpg','Snabba Cash','Fingerfärdiga banditer söker','2','2',28,'<p>Test test test</p>','2015-12-20 23:29:35','2015-12-21 09:11:02'),(36,19,'New company 5','1450674543.jpg','sdfsdfsd','sdfsdf','0','2',28,'<p>sdfs sdfsdfsdf sdsffds sdf</p>','2015-12-21 05:09:10','2015-12-21 09:11:12'),(37,19,'Gig new 1','1450687916.jpg','Sub 1','Sub 2','0','2',28,'<p>grtetrtytr ytr rt ty rtytry&nbsp;</p>','2015-12-21 08:51:59','2015-12-21 09:11:39'),(38,30,'Popsicle Truck','1453445391.jpg','Popup Marketers','30th and 31st December','1','1',28,'<p>Temporary Popsicle Truck driver <br></p>','2015-12-21 08:54:42','2016-01-22 06:49:53'),(39,30,'Pop-up Store Pop-up Store Pop-up Pop-up Store','1453445571.jpg','Sjöstrand Sjöstrand Sjöstrand ','24 th dec 2015 Sjöstrand Sjöstrand Sjöstrand Sjöstrand Sjöstrand','1','1',28,'<p>Sales personal for Sjöstrand Pop-up Store<br></p>','2015-12-21 08:58:08','2016-01-28 12:01:59'),(40,31,'Multi Drop Van Driver','1453445278.jpg','For on going work','28th Dec 2015 to 4th Jan 2016','1','1',28,'<p>Recruiting for a van driver working for a leading supermarket. As an <span style=\"font-weight: bold;\">experienced van driver</span>, the \r\nwork will involve -<span style=\"text-decoration: underline;\"> up to 20 drops per day</span> (Delivering sandwiches to \r\nbusiness and homes)</p>','2015-12-21 09:02:27','2016-01-22 06:48:05'),(41,31,'Events Work','1450764338.jpg','Last Minute Solutions','01st Jan to 30th Jan 2016','1','2',28,'<p>We have large amounts of event work going over the next few weekends for\r\n some very high profile events. The positions include\r\n front of house and back of house roles, and there is day time and \r\nevening work available. If you enjoy part of a busy event in a client \r\nfacing role, please get in touch.</p>','2015-12-21 09:10:28','2016-01-22 05:36:03'),(42,19,'Coffee Shop Assistant','1453445702.jpg','Stockholm','1st Jan to 31st Jan 2016','1','1',28,'<h1>December Gig in Stockholm</h1><p>This is a <span style=\"font-weight: bold;\">fantastic opportunity</span> to start your career in catering with an enthusiastic and motivated team. </p><p><span style=\"text-decoration: underline;\">Experience is not required</span> however in experience in <span style=\"font-weight: bold; font-style: italic;\">catering or hospitality</span> may be of benefit.</p><p><span style=\"text-decoration: underline;\"><span style=\"font-weight: bold;\">Lorem Ipsum is simply dummy text of the printing and typesetting industry. Lorem Ipsum has been the</span> </span>industry\'s standard dummy text ever since the 1500s, when an unknown printer took a <span style=\"text-decoration: underline;\">galley of type and scrambled it to make a type specimen book. </span></p><p>It has survived not only five centuries, but also the leap into electronic typesetting, remaining essentially unchanged. It was popularised in the 1960s with the release of Letraset sheets containing Lorem Ipsum passages, and more recently with desktop publishing software like Aldus PageMaker including versions of Lorem Ipsum.<br></p>','2015-12-21 09:48:39','2016-01-22 07:04:01'),(43,32,'Coffee & Cookie worker','1453441019.jpg','Temporary ','31st December 2015','1','1',28,'<p><span style=\"font-weight: bold;\">The </span>client is looking for an enthusiastic individual to greet \r\ncustomers, serve coffee &amp; cookies, and speak to customers while they\r\n are waiting for a sales advisor to become available.</p><p>It is essential that the individual is friendly, approachable and has good communication skills.</p>','2015-12-21 09:52:10','2016-02-02 12:02:18'),(44,34,'Park Gardner','1453445673.jpg','Work in the nature','April 2016','1','1',28,'<p><span style=\"font-weight: bold;\">Park Gardner</span></p><p>Take care of this park. Take care of this park. Take care of this park. Take care of this park. Take care of this park. Take care of this park. Take care of this park. Take care of this park. Take care of this park. Take care of this park. Take care of this park. Take care of this park. Take care of this park. Take care of this park. Take care of this park. Take care of this park. Take care of this park. Take care of this park. Take care of this park. </p><p><span style=\"font-weight: bold;\">Title2</span></p><p><span style=\"font-weight: bold;\"></span>Take care of this park. Take care of this park. Take care of this park. Take care of this park. Take care of this park. Take care of this park. Take care of this park. Take care of this park. Take care of this park. Take care of this park. Take care of this park. Take care of this park. Take care of this park. Take care of this park. Take care of this park. Take care of this park. Take care of this park. Take care of this park. <span style=\"text-decoration: underline;\">Take care of this park</span>. <br></p>','2015-12-25 09:36:18','2016-02-05 08:02:17'),(45,31,'Push notification test','1451555213.jpg','Sub title 1','Sub title 2','1','2',28,'<p><strong style=\"color: rgb(0, 0, 0); font-family: Arial, Helvetica, sans; font-size: 11px; line-height: 14px; text-align: justify;\">Lorem Ipsum</strong><span style=\"color: rgb(0, 0, 0); font-family: Arial, Helvetica, sans; font-size: 11px; line-height: 14px; text-align: justify;\">&nbsp;is simply dummy text of the printing and typesetting industry. Lorem Ipsum has been the industry\'s standard dummy text ever since the 1500s, when an unknown printer took a galley of type and scrambled it to make a type specimen book. It has survived not only five centuries, but also the leap into electronic typesetting, remaining essentially unchanged. It was popularised in the 1960s with the release of Letraset sheets containing Lorem Ipsum passages, and more recently with desktop publishing software like Aldus PageMaker including versions of Lorem Ipsum.</span><br></p>','2015-12-31 09:46:56','2016-01-22 05:35:12'),(46,1,'Push notification test 2','1451557628.jpg','Sub title 1','Sub title 2','1','2',28,'<p><strong style=\"color: rgb(0, 0, 0); font-family: Arial, Helvetica, sans; font-size: 11px; line-height: 14px; text-align: justify;\">Lorem Ipsum</strong><span style=\"color: rgb(0, 0, 0); font-family: Arial, Helvetica, sans; font-size: 11px; line-height: 14px; text-align: justify;\">&nbsp;is simply dummy text of the printing and typesetting industry. Lorem Ipsum has been the industry\'s standard dummy text ever since the 1500s, when an unknown printer took a galley of type and scrambled it to make a type specimen book. It has survived not only five centuries, but also the leap into electronic typesetting, remaining essentially unchanged. It was popularised in the 1960s with the release of Letraset sheets containing Lorem Ipsum passages, and more recently with desktop publishing software like Aldus PageMaker including versions of Lorem Ipsum.</span><br></p>','2015-12-31 10:27:11','2016-01-22 05:34:27'),(47,19,'Anton Push test gig','1451819751.jpg','PushyTest','PushyTest','1','2',28,'<p><span style=\"text-decoration: underline;\"></span>PushyTest<br></p>','2016-01-03 11:17:41','2016-01-04 21:19:41'),(48,16,'Test Gig Msg Push iOS','1451872997.jpg','SubT1','SubT2','1','2',28,'<p>Start of Long long Description about Gig ; &nbsp;Test Gig Msg Push iOSTest Gig Msg Push iOSTest Gig Msg Push iOSTest Gig Msg Push iOS. End&nbsp;<span style=\"line-height: 1.42857;\">of Long long Description about Gig .</span><br></p>','2016-01-04 02:06:50','2016-01-22 05:42:46'),(49,1,'My gig 123','1451900059.jpg','Sub 1','Sub 2','1','2',28,'<p>dfsfds f sdf sdfs dsd sf s s s f</p>','2016-01-04 09:34:21','2016-01-22 05:43:03'),(50,19,'Anton Push test gig2','1451942455.jpg','PushyTest','PushyTest','1','2',28,'PushyTest<p><br></p>','2016-01-04 21:21:03','2016-01-22 05:52:44'),(51,19,'Anton Push test gig3','1451991122.jpg','PushyTest','PushyTest','1','2',28,'<p>New text<br></p>','2016-01-05 10:52:32','2016-01-22 05:52:02'),(52,19,'Sample Job for Push','1452054405.jpg','Subtitle of Sample Job for Push','Subtitle 2 of Sample Job for Push','1','2',28,'<p>Description of Sample Job for Push. Description of Sample Job for Push. Description of Sample Job for Push. Description of Sample Job for Push. Description of Sample Job for Push. Description of Sample Job for Push.</p>','2016-01-06 04:26:48','2016-01-22 09:13:17'),(53,1,'sfsdfsdfsd','1452072498.jpg','Sub 1','Sub 2','1','2',28,'<p>sfsdfsdfsdfsfs</p>','2016-01-06 09:28:23','2016-01-22 05:34:46'),(54,34,'Staging push final test','1452247408.jpg','Sub 1','Sub 2','1','2',28,'<p>sdf sdfsdf sdfsdfsd sdf sdfs sdf sdf sdfsd fsd fs &nbsp;fsdf sd</p>','2016-01-08 10:03:32','2016-01-22 05:35:34'),(55,34,'New gig test','1452247668.jpg','Sub 1','Sub 2','1','2',28,'<p>sdfsd fsdfsd fsd sd&nbsp;</p>','2016-01-08 10:07:52','2016-01-22 05:35:48'),(56,19,'Thilan_test','1452488741.jpg','Thilan_test','Thilan_test','1','2',28,'<p>Thilan_test<br></p>','2016-01-11 05:07:04','2016-01-22 05:36:14'),(57,38,'Thilan test2','1452542922.jpg','Thilan test2','Thilan test2','1','2',28,'<p>Thilan test2<br></p>','2016-01-11 20:11:12','2016-01-22 05:42:34'),(58,19,'White Gig','1452695437.jpg','White Gig','White Gig','1','2',28,'<h2>Title<br></h2><p>White Gig White gig lkdsf lsjdfl jslkdf lsdjfl ksdlf jlsdf slkf lsfl sl jlfj lsdkf jskd jskld fsldjf ksldf lsj flsjf lsjl s lsl jlsfj s jsl fskl ls<br></p><br>','2016-01-13 14:30:43','2016-01-22 05:52:11'),(59,1,'Rappa säljare till Telia','1452853477.jpg','Skärholmen','Löpande','0','1',28,'<h1>Är DU Telia? Välkommen till din nästa utmaning.</h1><p><br></p><p>Vi erbjuder dig</p><p>• En möjlighet att arbeta som säljare hos marknadens mest framgångsrika operatör som erbjuder tjänster och produkter i världsklass. Vi samarbetar till exempel med Apple, Spotify, Samsung och Sony.&nbsp;</p><p>• Du har en grundlön och bonus som baseras på dina säljresultat och kommer att vara en del av ett gäng med en vilja att alltid vara bäst!&nbsp;</p><p>• En grundutbildning i hur du hanterar det optimala kundmötet samt i våra tjänster, produkter, erbjudanden.</p><p>• En arbetsplats där vi ser olikheter som en styrka. Det fina med Dig är att Du är Du.</p><p><br></p><p>Vi arbetar med ständiga förbättringar och på sikt finns eventuell möjlighet att anta nya utmaningar och växa inom företaget. Vi vill att Du ska stanna hos oss på Telia.</p><p><br></p><h1>Dina arbetsuppgifter</h1><p>• Du kommer främst att arbeta med att sälja våra tjänster och produkter inom områdena mobilt, bredband samt TV. Du kommer även att sälja Telias produkt- och tjänsteutbud för det fasta nätet.&nbsp;</p><p>• I varje möte överträffar Du kundens förväntningar genom att vara hjälpsam, tillmötesgående och uppfinningsrik. Du får goda möjligheter att använda och utveckla ditt affärsmannaskap och påverka vårt resultat.&nbsp;</p><p>• Fokus ligger på att på bästa möjliga sätt lösa kundens ärende samtidigt som du är lyhörd för kundens behov och vågar erbjuda nya lösningar.</p><p>• Du kommer att sälja till både privat och företagskunder. Försäljning sker i butiken och på event som butiken själv arrangerar.</p><p><br></p><h1>Vi söker Dig</h1><p>Som är engagerad, flexibel, målinriktad och är positiv. Du trivs med ett högt tempo och att arbeta i team. Du motiveras av att få sälja våra produkter och tjänster och levererar en kundupplevelse i världsklass. Du har erfarenhet av aktiv och uppsökande försäljning inom t.ex. butik, telemarketing, eventförsäljning. Du har fyllt 18 år vid anställningens början och har en fullständig gymnasieutbildning. Du har en mycket god förmåga att kommunicera på svenska i tal och skrift samt goda kunskaper i engelska.</p><p><br></p><p>Tjänsten är en timanställning och du kommer att få arbeta i varierande omfattning. Arbetstiden följer butikens öppettider och när våra kunder besöker oss som mest.</p>','2016-01-15 10:24:54','2016-01-25 09:37:38'),(60,39,'Butikssäljare','1453840715.jpg','Telia','Stockholm --- Start 2016-02-01','1','1',28,'<h1>Är DU Telia? Välkommen till din nästa utmaning.</h1><p><br></p><p>Vi erbjuder dig</p><p>• En möjlighet att arbeta som säljare hos marknadens mest framgångsrika operatör som erbjuder tjänster och produkter i världsklass. Vi samarbetar till exempel med Apple, Spotify, Samsung och Sony.&nbsp;</p><p>• Du har en grundlön och bonus som baseras på dina säljresultat och kommer att vara en del av ett gäng med en vilja att alltid vara bäst!&nbsp;</p><p>• En grundutbildning i hur du hanterar det optimala kundmötet samt i våra tjänster, produkter, erbjudanden.</p><p>• En arbetsplats där vi ser olikheter som en styrka. Det fina med Dig är att Du är Du.</p><p><br></p><p>Vi arbetar med ständiga förbättringar och på sikt finns eventuell möjlighet att anta nya utmaningar och växa inom företaget. Vi vill att Du ska stanna hos oss på Telia.</p><p><br></p><h2>Dina arbetsuppgifter</h2><p>• Du kommer främst att arbeta med att sälja våra tjänster och produkter inom områdena mobilt, bredband samt TV. Du kommer även att sälja Telias produkt- och tjänsteutbud för det fasta nätet.&nbsp;</p><p>• I varje möte överträffar Du kundens förväntningar genom att vara hjälpsam, tillmötesgående och uppfinningsrik. Du får goda möjligheter att använda och utveckla ditt affärsmannaskap och påverka vårt resultat.&nbsp;</p><p>• Fokus ligger på att på bästa möjliga sätt lösa kundens ärende samtidigt som du är lyhörd för kundens behov och vågar erbjuda nya lösningar.</p><p>• Du kommer att sälja till både privat och företagskunder. Försäljning sker i butiken och på event som butiken själv arrangerar.</p><p><br></p><h3>Vi söker Dig</h3><p>Som är engagerad, flexibel, målinriktad och är positiv. Du trivs med ett högt tempo och att arbeta i team. Du motiveras av att få sälja våra produkter och tjänster och levererar en kundupplevelse i världsklass. Du har erfarenhet av aktiv och uppsökande försäljning inom t.ex. butik, telemarketing, eventförsäljning. Du har fyllt 18 år vid anställningens början och har en fullständig gymnasieutbildning. Du har en mycket god förmåga att kommunicera på svenska i tal och skrift samt goda kunskaper i engelska.</p><p><br></p><p>Tjänsten är en timanställning och du kommer att få arbeta i varierande omfattning. Arbetstiden följer butikens öppettider och när våra kunder besöker oss som mest.</p>','2016-01-15 10:29:55','2016-01-26 20:38:38'),(61,19,'Fishermen','1453444883.jpg','Fishermen','Fishermen','2','2',28,'<p>URL TESTING<br></p><p>www.swedbank.se</p><p>http://www.swedbank.se</p><div class=\"w3-code notranslate htmlHigh\"><pre><span class=\"highLT\">&lt;</span><span class=\"highELE\">a</span> <span class=\"highATT\">href=</span><span class=\"highVAL\">\"http://www.swedbank.se\"</span><span class=\"highGT\">&gt;Swedbank.se</span><span class=\"highLT\">&lt;</span><span class=\"highELE\">/a</span><span class=\"highGT\">&gt;</span>\r\n</pre></div><p><span class=\"highLT\">&lt;</span><span class=\"highELE\">a</span> <span class=\"highATT\">href=</span><span class=\"highVAL\">\"http://www.swedbank.se\"</span><span class=\"highGT\">&gt;Swedbank.se</span><span class=\"highLT\">&lt;</span><span class=\"highELE\">/a</span><span class=\"highGT\">&gt;</span></p><blockquote><p>www.spisa.nu</p></blockquote><p>http://m.spisa.nu<br></p><p></p><p><br></p><p></p>','2016-01-19 00:34:47','2016-01-26 12:09:09'),(62,41,'Testprojekt Rasmus','1453444930.jpg','Testprojekt Rasmus','Testprojekt Rasmus','1','1',28,'Testprojekt Rasmus','2016-01-20 08:19:38','2016-01-26 06:41:18'),(63,43,'Cool Co','1453445197.jpg','Cool','Cool Pistol','1','1',28,'<p><span style=\"color: rgb(95, 95, 95); font-family: \'Helvetica Neue\', Helvetica, Arial, sans-serif; font-size: 13px;\">När statsminister Stefan Löfven mötte den samlade pressen under sin första dag på World Economic Forum i Davos inledde han med att prata jobb. – Jag kommer att ägna hela den här vistelsen åt jobb i någon form. Jobb och tillväxt, hur vi skapar det.</span><br></p>','2016-01-21 09:18:39','2016-01-22 06:46:42'),(64,40,'Testing','1453397004.jpg','Test 1','Test 2','1','2',28,'<p>test test test test</p>','2016-01-21 17:23:37','2016-01-22 05:53:01'),(65,40,'Test Gig','1453398354.jpg','Learn PHP','PHP, MySQL, Ajax, HML, Web framework','1','2',28,'<p>TEst<span style=\"font-weight: bold;\"> Test Test <span style=\"font-style: italic;\">jdhjdkdj <span style=\"text-decoration: underline;\">kjsdkjsdkjkds</span></span></span></p>','2016-01-21 17:46:04','2016-01-22 05:53:22'),(66,40,'Test Gig 3','1453398515.jpg','Learn PHP','PHP, MySQL, Ajax, HML, Web framework','1','2',28,'<p><br></p>','2016-01-21 17:48:41','2016-01-22 05:53:10'),(67,19,'iOS developer Stockholm!','1453448488.jpg','iOS developer Stockholm','iOS developer Stockholm','1','1',28,'<h1>iOS developer Stockholm</h1><h2>Looking for developer åäö</h2><h3>Developer now</h3><h4>We need you</h4><h5>Now in Stockholm</h5><h6>Help us</h6><p>Normal Text Normal Text Normal Text<br></p>','2016-01-22 07:41:34','2016-02-17 03:02:40'),(68,43,'Cool Gig','1453714750.jpg','Cool Gig','Cool Gig','2','1',28,'<p>Cool Gig Cool Gig Cool Gig Cool Gig<br></p>','2016-01-25 09:39:14','2016-01-26 14:45:36'),(69,19,'New gig to test push','1453796251.jpg','Sub 1','Sub 2','1','2',28,'<p>sdsdf sdf sdf sd sdf s</p>','2016-01-26 08:17:33','2016-01-26 14:55:45'),(70,19,'Double Gig','1453839973.jpg','Double Gig','Double Gig','1','2',28,'<h1><span style=\"font-weight: normal;\">Title</span></h1><p>Text</p><p>Text</p><p><span style=\"font-weight: bold;\">Text</span><br></p>','2016-01-26 20:29:49','2016-01-26 20:30:54'),(71,19,'Designer with an eye for details','1453848548.jpg','Flawless in Photoshop','Stockholm, on-going','1','1',28,'<h1>Header 1</h1><p><span style=\"font-weight: bold;\">Lorem ipsum</span> dolor sit amet, consectetur adipiscing elit. Donec non sapien at ligula placerat ornare. Fusce vel nunc porttitor, blandit velit eget, dapibus leo. Quisque pellentesque eu nunc vel posuere. Praesent quis elit quis eros molestie lobortis sit amet at mi.</p><h2>Header 2</h2><p>Duis iaculis blandit risus at dapibus. Sed sed neque aliquam, rhoncus tortor in, rutrum leo. Nulla libero ipsum, aliquam quis aliquet ac, feugiat at elit. Nullam et rhoncus est. Proin viverra ornare quam a luctus.</p><h3>Header 3</h3><p><span style=\"font-style: italic;\">Pellentesque </span>a pharetra neque. Ut molestie nulla et risus cursus dictum. Sed bibendum magna ut enim sollicitudin aliquam. Nam sodales ante sit amet sapien suscipit pharetra. <span style=\"font-style: italic;\">Quisque </span>quis condimentum sapien. <span style=\"text-decoration: underline;\">Nulla eget purus</span> viverra, tempus elit eget, ornare lorem.</p>','2016-01-26 22:49:14','2016-02-16 08:02:32'),(72,1,'Alignment of Button','1454054465.jpg','Alignment of Button','Alignment of Button','2','1',28,'<p>Alignment of Button<br></p>','2016-01-29 08:01:12','2016-02-08 17:26:01'),(73,48,'Final Test Gig','1454673738.jpg','Final Test Gig Final Test Gig 123','Final Test Gig Final Test Gig Final Test Gig','1','1',28,'<p><span style=\"font-weight: bold;\">Final Test Gig Final</span> Test Gig Final Test GigFinal Test Gig Final Test Gig Final Test Gig Final Test Gig<span style=\"text-decoration: underline;\"><span style=\"font-style: italic;\"> Final Test Gig Final</span></span> Test Gig Final Test Gig Final Test Gig Final Test Gig Final Test Gig Final Test Gig Final Test Gig Final Test Gig Final Test Gig Final Test Gig </p><h4>Final Test Gig<br></h4>','2016-02-05 12:05:31','2016-03-18 14:03:28');
/*!40000 ALTER TABLE `gig` ENABLE KEYS */;
UNLOCK TABLES;

--
-- Table structure for table `message`
--

DROP TABLE IF EXISTS `message`;
/*!40101 SET @saved_cs_client     = @@character_set_client */;
/*!40101 SET character_set_client = utf8 */;
CREATE TABLE `message` (
  `id` int(11) NOT NULL AUTO_INCREMENT,
  `message` text NOT NULL,
  `created_by` int(11) NOT NULL,
  `chat_id` int(11) NOT NULL,
  `created` datetime NOT NULL,
  `modified` datetime NOT NULL,
  PRIMARY KEY (`id`)
) ENGINE=InnoDB AUTO_INCREMENT=1052 DEFAULT CHARSET=latin1;
/*!40101 SET character_set_client = @saved_cs_client */;

--
-- Dumping data for table `message`
--

LOCK TABLES `message` WRITE;
/*!40000 ALTER TABLE `message` DISABLE KEYS */;
INSERT INTO `message` VALUES (176,'Hello and welcome to Gigstr. Thank you for applying to this gig. We will shortly provide you with more info.',28,44,'2015-12-18 08:02:13','2015-12-18 08:02:13'),(183,'Hello and welcome to Gigstr. Thank you for applying to this gig. We will shortly provide you with more info.',28,51,'2015-12-18 10:22:31','2015-12-18 10:22:31'),(184,'hi',50,51,'2015-12-18 10:23:01','2015-12-18 10:23:01'),(185,'Hello and welcome to Gigstr. Thank you for applying to this gig. We will shortly provide you with more info.',28,52,'2015-12-18 11:07:25','2015-12-18 11:07:25'),(192,'hi',28,44,'2015-12-18 19:08:37','2015-12-18 19:08:37'),(196,'Hello and welcome to Gigstr. Thank you for applying to this gig. We will shortly provide you with more info.',28,53,'2015-12-19 06:21:48','2015-12-19 06:21:48'),(197,'testing la jf jab   jajfka   ajhfahlsf alfhhasf  ahfhajhf khakfhajhfj kjafjksagf  akjfkaf aj ashfakhfs',53,53,'2015-12-19 06:31:55','2015-12-19 06:31:55'),(198,'jskdfgakjdg  kagda  khsadg  sagdk  kas fsa g askgdfa skf dskg am skagfaskg kasg kas  gksag sd khsgfks d  kgskdeur wo gbbdvnx khfdsutwo;ab kdffaaufg akef',53,53,'2015-12-19 06:32:18','2015-12-19 06:32:18'),(199,'hghjagsgdf nbhsadkgfa hsgfksgf',53,53,'2015-12-19 06:32:25','2015-12-19 06:32:25'),(200,'Hello and welcome to Gigstr. Thank you for applying to this gig. We will shortly provide you with more info.',28,54,'2015-12-19 08:17:17','2015-12-19 08:17:17'),(201,'tesff',42,54,'2015-12-19 08:26:17','2015-12-19 08:26:17'),(212,'Hello and welcome to Gigstr. Thank you for applying to this gig. We will shortly provide you with more info.',28,60,'2015-12-19 10:22:02','2015-12-19 10:22:02'),(213,'Hello and welcome to Gigstr. Thank you for applying to this gig. We will shortly provide you with more info.',28,61,'2015-12-19 10:24:22','2015-12-19 10:24:22'),(214,'Hello and welcome to Gigstr. Thank you for applying to this gig. We will shortly provide you with more info.',28,62,'2015-12-19 10:25:40','2015-12-19 10:25:40'),(215,'Hello and welcome to Gigstr. Thank you for applying to this gig. We will shortly provide you with more info.',28,63,'2015-12-19 10:30:43','2015-12-19 10:30:43'),(216,'Hello and welcome to Gigstr. Thank you for applying to this gig. We will shortly provide you with more info.',28,64,'2015-12-19 10:32:05','2015-12-19 10:32:05'),(217,'Hello and welcome to Gigstr. Thank you for applying to this gig. We will shortly provide you with more info.',28,65,'2015-12-19 10:34:12','2015-12-19 10:34:12'),(218,'Hello and welcome to Gigstr. Thank you for applying to this gig. We will shortly provide you with more info.',28,66,'2015-12-19 10:37:53','2015-12-19 10:37:53'),(219,'Hello and welcome to Gigstr. Thank you for applying to this gig. We will shortly provide you with more info.',28,67,'2015-12-19 10:40:27','2015-12-19 10:40:27'),(220,'Hello and welcome to Gigstr. Thank you for applying to this gig. We will shortly provide you with more info.',28,68,'2015-12-19 10:42:22','2015-12-19 10:42:22'),(221,'Hello and welcome to Gigstr. Thank you for applying to this gig. We will shortly provide you with more info.',28,69,'2015-12-19 11:07:42','2015-12-19 11:07:42'),(222,'Hello and welcome to Gigstr. Thank you for applying to this gig. We will shortly provide you with more info.',28,70,'2015-12-19 13:33:29','2015-12-19 13:33:29'),(223,'Hello and welcome to Gigstr. Thank you for applying to this gig. We will shortly provide you with more info.',28,71,'2015-12-20 02:07:44','2015-12-20 02:07:44'),(224,'Hello and welcome to Gigstr. Thank you for applying to this gig. We will shortly provide you with more info.',28,72,'2015-12-20 06:14:54','2015-12-20 06:14:54'),(225,'hej',37,72,'2015-12-20 06:16:16','2015-12-20 06:16:16'),(226,'Hello and welcome to Gigstr. Thank you for applying to this gig. We will shortly provide you with more info.',28,73,'2015-12-20 07:00:29','2015-12-20 07:00:29'),(227,'Hello and welcome to Gigstr. Thank you for applying to this gig. We will shortly provide you with more info.',28,74,'2015-12-20 07:35:46','2015-12-20 07:35:46'),(228,'Hello',28,74,'2015-12-20 07:36:57','2015-12-20 07:36:57'),(229,'hello2',28,74,'2015-12-20 07:37:09','2015-12-20 07:37:09'),(230,'Hello3',28,74,'2015-12-20 07:37:21','2015-12-20 07:37:21'),(231,'Hello4',28,74,'2015-12-20 07:37:58','2015-12-20 07:37:58'),(232,'hi',57,74,'2015-12-20 07:39:47','2015-12-20 07:39:47'),(233,'Hello5',28,74,'2015-12-20 07:59:57','2015-12-20 07:59:57'),(234,'hu',57,74,'2015-12-20 08:07:07','2015-12-20 08:07:07'),(235,'Hello 6',28,74,'2015-12-20 08:07:52','2015-12-20 08:07:52'),(236,'hello7\n',28,74,'2015-12-20 08:09:20','2015-12-20 08:09:20'),(237,'Hello8',28,74,'2015-12-20 08:10:17','2015-12-20 08:10:17'),(238,'hello',57,74,'2015-12-20 08:13:16','2015-12-20 08:13:16'),(239,'Hello and welcome to Gigstr. Thank you for applying to this gig. We will shortly provide you with more info.',28,75,'2015-12-20 08:44:31','2015-12-20 08:44:31'),(240,'Hello9',28,74,'2015-12-20 08:45:36','2015-12-20 08:45:36'),(241,'Hello1',28,75,'2015-12-20 08:45:46','2015-12-20 08:45:46'),(242,'Hello and welcome to Gigstr. Thank you for applying to this gig. We will shortly provide you with more info.',28,76,'2015-12-20 14:34:01','2015-12-20 14:34:01'),(243,'Hej',59,76,'2015-12-20 14:35:33','2015-12-20 14:35:33'),(244,'Hej',59,76,'2015-12-20 14:36:33','2015-12-20 14:36:33'),(245,'Hello and welcome to Gigstr. Thank you for applying to this gig. We will shortly provide you with more info.',28,77,'2015-12-20 14:41:34','2015-12-20 14:41:34'),(246,'Hello\n',28,76,'2015-12-20 14:59:27','2015-12-20 14:59:27'),(247,'Hello2',28,76,'2015-12-20 14:59:39','2015-12-20 14:59:39'),(248,'Hello3',28,76,'2015-12-20 14:59:59','2015-12-20 14:59:59'),(249,'Hello4',28,76,'2015-12-20 15:00:07','2015-12-20 15:00:07'),(250,'Hejsa jag heter Anton slaka ska al ska ska ska ska ALS skandalös ma a ALS ',59,76,'2015-12-20 15:02:23','2015-12-20 15:02:23'),(251,'Hello and welcome to Gigstr. Thank you for applying to this gig. We will shortly provide you with more info.',28,76,'2015-12-20 15:03:06','2015-12-20 15:03:06'),(252,'Hello',59,77,'2015-12-20 15:09:35','2015-12-20 15:09:35'),(253,'Hello1',28,77,'2015-12-20 15:10:26','2015-12-20 15:10:26'),(254,'Type a message to Gigstr',59,77,'2015-12-20 15:21:27','2015-12-20 15:21:27'),(255,'Type a message to Gigstr',59,77,'2015-12-20 15:21:27','2015-12-20 15:21:27'),(256,'Hej',59,77,'2015-12-20 15:22:01','2015-12-20 15:22:01'),(257,'Hello and welcome to Gigstr. Thank you for applying to this gig. We will shortly provide you with more info.',28,78,'2015-12-20 17:31:58','2015-12-20 17:31:58'),(258,'Type a message to Gigstr',60,78,'2015-12-20 17:32:14','2015-12-20 17:32:14'),(259,'Type a message to Gigstr',60,78,'2015-12-20 17:32:17','2015-12-20 17:32:17'),(260,'Type a message to Gigstr',60,78,'2015-12-20 17:32:18','2015-12-20 17:32:18'),(261,'Type a message to Gigstr',60,78,'2015-12-20 17:32:19','2015-12-20 17:32:19'),(262,'Hi, welcome to Gigstr',28,78,'2015-12-20 18:39:20','2015-12-20 18:39:20'),(263,'Tell me about your experience',28,78,'2015-12-20 18:40:00','2015-12-20 18:40:00'),(264,'yoyo',28,78,'2015-12-20 18:41:36','2015-12-20 18:41:36'),(265,'Dddf',56,68,'2015-12-21 01:47:11','2015-12-21 01:47:11'),(266,'Did',56,68,'2015-12-21 03:53:13','2015-12-21 03:53:13'),(267,'Type a message to Gigstr',56,68,'2015-12-21 03:53:16','2015-12-21 03:53:16'),(268,'We',56,68,'2015-12-21 03:55:19','2015-12-21 03:55:19'),(269,'Gig',56,68,'2015-12-21 03:55:24','2015-12-21 03:55:24'),(270,'',56,68,'2015-12-21 03:55:26','2015-12-21 03:55:26'),(271,'Cc',56,68,'2015-12-21 03:58:32','2015-12-21 03:58:32'),(272,'Ffg',56,68,'2015-12-21 04:01:27','2015-12-21 04:01:27'),(273,'Ccccc',56,68,'2015-12-21 04:42:00','2015-12-21 04:42:00'),(274,'Sass',51,71,'2015-12-21 06:02:07','2015-12-21 06:02:07'),(275,'hi',28,70,'2015-12-21 06:11:40','2015-12-21 06:11:40'),(276,'Adds;ok;landlord;ldkskdlskksdlksklsdlskdlsklksdklsdklsdlsdklskdlk',55,66,'2015-12-21 07:55:12','2015-12-21 07:55:12'),(277,'D;ksdksklsdk;sdkskdlskdsdksdkskdksd;lskdlskldksldksldksldksdk\'skdskldksldk;skdlskdlksdlklsdklskdlskdlksdlksdlksdlkdslksdldkslskldsklds',55,66,'2015-12-21 08:02:52','2015-12-21 08:02:52'),(278,'Hello and welcome to Gigstr. Thank you for applying to this gig. We will shortly provide you with more info.',28,79,'2015-12-21 08:25:03','2015-12-21 08:25:03'),(279,'Hello and welcome to Gigstr. Thank you for applying to this gig. We will shortly provide you with more info.',28,80,'2015-12-21 09:22:45','2015-12-21 09:22:45'),(280,'Hello and welcome to Gigstr. Thank you for applying to this gig. We will shortly provide you with more info.',28,81,'2015-12-21 09:57:45','2015-12-21 09:57:45'),(281,'Hello',60,81,'2015-12-21 09:58:04','2015-12-21 09:58:04'),(282,'\'hi',28,81,'2015-12-21 09:58:37','2015-12-21 09:58:37'),(283,'aegfhgffg',28,81,'2015-12-21 09:58:58','2015-12-21 09:58:58'),(284,'http://www.stafftail.se/',28,81,'2015-12-21 09:59:16','2015-12-21 09:59:16'),(285,'Hello and welcome to Gigstr. Thank you for applying to this gig. We will shortly provide you with more info.',28,82,'2015-12-21 10:11:07','2015-12-21 10:11:07'),(286,'Hej hej!',62,82,'2015-12-21 10:11:54','2015-12-21 10:11:54'),(287,'Hur är läget?',28,81,'2015-12-21 10:41:33','2015-12-21 10:41:33'),(288,'hej!',28,82,'2015-12-21 10:42:13','2015-12-21 10:42:13'),(289,'Hej!',28,82,'2015-12-21 10:42:49','2015-12-21 10:42:49'),(290,'hej',28,82,'2015-12-21 10:43:17','2015-12-21 10:43:17'),(291,'Hello and welcome to Gigstr. Thank you for applying to this gig. We will shortly provide you with more info.',28,83,'2015-12-21 10:53:26','2015-12-21 10:53:26'),(292,'I want this Gig!',61,83,'2015-12-21 10:53:52','2015-12-21 10:53:52'),(293,'Hej',61,83,'2015-12-21 10:55:13','2015-12-21 10:55:13'),(294,'Update your profile, please',28,83,'2015-12-21 10:57:38','2015-12-21 10:57:38'),(295,'Ok',61,83,'2015-12-21 11:09:08','2015-12-21 11:09:08'),(296,'Hello and welcome to Gigstr. Thank you for applying to this gig. We will shortly provide you with more info.',28,84,'2015-12-21 11:58:57','2015-12-21 11:58:57'),(297,'Hello and welcome to Gigstr. Thank you for applying to this gig. We will shortly provide you with more info.',28,85,'2015-12-21 11:59:12','2015-12-21 11:59:12'),(298,'Hej',63,85,'2015-12-21 12:02:35','2015-12-21 12:02:35'),(299,'Hello and welcome to Gigstr. Thank you for applying to this gig. We will shortly provide you with more info.',28,86,'2015-12-21 12:02:59','2015-12-21 12:02:59'),(300,'Hej',63,86,'2015-12-21 12:09:17','2015-12-21 12:09:17'),(301,'Hello and welcome to Gigstr. Thank you for applying to this gig. We will shortly provide you with more info.',28,87,'2015-12-21 12:13:02','2015-12-21 12:13:02'),(302,'Hello and welcome to Gigstr. Thank you for applying to this gig. We will shortly provide you with more info.',28,88,'2015-12-21 13:07:44','2015-12-21 13:07:44'),(303,'Hello and welcome to Gigstr. Thank you for applying to this gig. We will shortly provide you with more info.',28,89,'2015-12-21 14:18:41','2015-12-21 14:18:41'),(304,'Hello and welcome to Gigstr. Thank you for applying to this gig. We will shortly provide you with more info.',28,90,'2015-12-21 14:46:02','2015-12-21 14:46:02'),(305,'Hello and welcome to Gigstr. Thank you for applying to this gig. We will shortly provide you with more info.',28,91,'2015-12-21 14:46:33','2015-12-21 14:46:33'),(306,'Hi',28,80,'2015-12-22 06:11:19','2015-12-22 06:11:19'),(307,'i want this gig',36,80,'2015-12-22 06:11:45','2015-12-22 06:11:45'),(308,'ok',28,80,'2015-12-22 06:11:58','2015-12-22 06:11:58'),(309,'Hello and welcome to Gigstr. Thank you for applying to this gig. We will shortly provide you with more info.',28,92,'2015-12-22 06:13:17','2015-12-22 06:13:17'),(310,'Sasasasa',55,66,'2015-12-22 06:18:59','2015-12-22 06:18:59'),(311,'Hi fed',28,92,'2015-12-22 06:57:34','2015-12-22 06:57:34'),(312,'Halo',28,92,'2015-12-22 06:57:58','2015-12-22 06:57:58'),(313,'Hello and welcome to Gigstr. Thank you for applying to this gig. We will shortly provide you with more info.',28,93,'2015-12-22 18:03:34','2015-12-22 18:03:34'),(314,'Hello and welcome to Gigstr. Thank you for applying to this gig. We will shortly provide you with more info.',28,94,'2015-12-22 18:03:52','2015-12-22 18:03:52'),(316,' ',63,91,'2015-12-22 23:56:12','2015-12-22 23:56:12'),(317,'Hello and welcome to Gigstr. Thank you for applying to this gig. We will shortly provide you with more info.',28,96,'2015-12-23 01:09:38','2015-12-23 01:09:38'),(318,'Why do you want this gig?',28,96,'2015-12-23 01:22:03','2015-12-23 01:22:03'),(319,'Need $$$',73,96,'2015-12-23 01:22:55','2015-12-23 01:22:55'),(320,'And I need it now!',73,96,'2015-12-23 01:23:26','2015-12-23 01:23:26'),(321,'Ok',28,96,'2015-12-23 01:23:52','2015-12-23 01:23:52'),(322,'hi',40,93,'2015-12-23 01:41:43','2015-12-23 01:41:43'),(323,'how are u?',40,93,'2015-12-23 01:42:01','2015-12-23 01:42:01'),(324,'welcome',40,93,'2015-12-23 01:42:11','2015-12-23 01:42:11'),(325,'Hello and welcome to Gigstr. Thank you for applying to this gig. We will shortly provide you with more info.',28,97,'2015-12-23 02:32:13','2015-12-23 02:32:13'),(326,'hi',74,97,'2015-12-23 02:32:22','2015-12-23 02:32:22'),(327,'how are u',74,97,'2015-12-23 02:32:32','2015-12-23 02:32:32'),(328,'what is our next step',74,97,'2015-12-23 02:32:53','2015-12-23 02:32:53'),(329,'hi all',74,97,'2015-12-23 02:33:00','2015-12-23 02:33:00'),(330,'Hello and welcome to Gigstr. Thank you for applying to this gig. We will shortly provide you with more info.',28,98,'2015-12-23 06:47:59','2015-12-23 06:47:59'),(331,'Hello and welcome to Gigstr. Thank you for applying to this gig. We will shortly provide you with more info.',28,99,'2015-12-23 07:40:22','2015-12-23 07:40:22'),(332,'Hello! ',28,99,'2015-12-23 07:41:11','2015-12-23 07:41:11'),(333,'Hejsan svenska',63,99,'2015-12-23 07:42:10','2015-12-23 07:42:10'),(334,'Twst',42,54,'2015-12-23 08:11:48','2015-12-23 08:11:48'),(335,'Hit',28,99,'2015-12-23 08:14:48','2015-12-23 08:14:48'),(338,'Hej',60,81,'2015-12-23 13:21:18','2015-12-23 13:21:18'),(339,'Mur',60,81,'2015-12-23 13:21:31','2015-12-23 13:21:31'),(340,'Cool',60,89,'2015-12-23 13:24:02','2015-12-23 13:24:02'),(341,'Hello',63,99,'2015-12-23 14:24:13','2015-12-23 14:24:13'),(342,'Hello \"#¤\"%\"%',28,99,'2015-12-23 14:26:31','2015-12-23 14:26:31'),(343,'Xx',63,99,'2015-12-23 14:31:25','2015-12-23 14:31:25'),(344,'Updating test',28,99,'2015-12-23 14:33:01','2015-12-23 14:33:01'),(345,'Updating text2',28,99,'2015-12-23 14:33:44','2015-12-23 14:33:44'),(346,'Hello and welcome to Gigstr. Thank you for applying to this gig. We will shortly provide you with more info.',28,101,'2015-12-23 15:25:15','2015-12-23 15:25:15'),(347,'Yes',75,101,'2015-12-23 15:25:21','2015-12-23 15:25:21'),(348,'Hello and welcome to Gigstr. Thank you for applying to this gig. We will shortly provide you with more info.',28,102,'2015-12-23 15:31:21','2015-12-23 15:31:21'),(349,'Hello and welcome to Gigstr. Thank you for applying to this gig. We will shortly provide you with more info.',28,103,'2015-12-25 09:43:40','2015-12-25 09:43:40'),(350,'Hello and welcome to Gigstr. Thank you for applying to this gig. We will shortly provide you with more info.',28,104,'2015-12-25 09:50:47','2015-12-25 09:50:47'),(351,'Hejsan',75,104,'2015-12-25 09:52:23','2015-12-25 09:52:23'),(352,'Hello and welcome to Gigstr. Thank you for applying to this gig. We will shortly provide you with more info.',28,105,'2015-12-25 09:58:54','2015-12-25 09:58:54'),(353,'Hello and welcome to Gigstr. Thank you for applying to this gig. We will shortly provide you with more info.',28,106,'2015-12-25 09:59:50','2015-12-25 09:59:50'),(354,'Hello and welcome to Gigstr. Thank you for applying to this gig. We will shortly provide you with more info.',28,107,'2015-12-25 10:00:34','2015-12-25 10:00:34'),(355,'Hello and welcome to Gigstr. Thank you for applying to this gig. We will shortly provide you with more info.',28,108,'2015-12-26 12:12:19','2015-12-26 12:12:19'),(366,'Push notification test',28,93,'2016-01-02 18:30:29','2016-01-02 18:30:29'),(367,'Hello and welcome to Gigstr. Thank you for applying to this gig. We will shortly provide you with more info.',28,112,'2016-01-03 09:59:27','2016-01-03 09:59:27'),(368,'Hello and welcome to Gigstr. Thank you for applying to this gig. We will shortly provide you with more info.',28,113,'2016-01-03 10:31:37','2016-01-03 10:31:37'),(369,'Hello and welcome to Gigstr. Thank you for applying to this gig. We will shortly provide you with more info.',28,114,'2016-01-03 10:51:03','2016-01-03 10:51:03'),(370,'Hello',78,114,'2016-01-03 10:51:11','2016-01-03 10:51:11'),(371,'Hello',28,114,'2016-01-03 10:53:04','2016-01-03 10:53:04'),(372,'Hello and welcome to Gigstr. Thank you for applying to this gig. We will shortly provide you with more info.',28,115,'2016-01-03 11:17:27','2016-01-03 11:17:27'),(373,'Hello push test',28,115,'2016-01-03 11:20:29','2016-01-03 11:20:29'),(374,'Hello push test',28,114,'2016-01-03 11:21:03','2016-01-03 11:21:03'),(375,'Hello and welcome to Gigstr. Thank you for applying to this gig. We will shortly provide you with more info.',28,116,'2016-01-03 11:30:13','2016-01-03 11:30:13'),(376,'Hello and welcome to Gigstr. Thank you for applying to this gig. We will shortly provide you with more info.',28,117,'2016-01-04 11:16:38','2016-01-04 11:16:38'),(377,'Test1',43,117,'2016-01-04 11:17:01','2016-01-04 11:17:01'),(378,'reply 1',28,117,'2016-01-04 11:20:46','2016-01-04 11:20:46'),(379,'reply 2',28,117,'2016-01-04 11:21:29','2016-01-04 11:21:29'),(380,'Hello and welcome to Gigstr. Thank you for applying to this gig. We will shortly provide you with more info.',28,118,'2016-01-04 21:10:52','2016-01-04 21:10:52'),(381,'Pushy test!',28,118,'2016-01-04 21:12:03','2016-01-04 21:12:03'),(382,'Hello push',83,118,'2016-01-04 21:14:23','2016-01-04 21:14:23'),(383,'Helöo',83,118,'2016-01-04 21:14:33','2016-01-04 21:14:33'),(384,'Hello\n',28,118,'2016-01-04 21:15:00','2016-01-04 21:15:00'),(385,'Hello and welcome to Gigstr. Thank you for applying to this gig. We will shortly provide you with more info.',28,119,'2016-01-04 21:24:07','2016-01-04 21:24:07'),(386,'Hello Anton16',28,119,'2016-01-04 21:25:01','2016-01-04 21:25:01'),(387,'Hello again!',28,119,'2016-01-04 21:25:43','2016-01-04 21:25:43'),(388,'Hi',84,119,'2016-01-04 21:26:22','2016-01-04 21:26:22'),(389,'Clbxg',84,119,'2016-01-04 21:26:30','2016-01-04 21:26:30'),(390,'kh\n',28,119,'2016-01-04 21:26:56','2016-01-04 21:26:56'),(392,'Hello and welcome to Gigstr. Thank you for applying to this gig. We will shortly provide you with more info.',28,120,'2016-01-05 08:07:03','2016-01-05 08:07:03'),(393,'Hello and welcome to Gigstr. Thank you for applying to this gig. We will shortly provide you with more info.',28,121,'2016-01-05 08:15:16','2016-01-05 08:15:16'),(394,'Hello',28,121,'2016-01-05 08:15:55','2016-01-05 08:15:55'),(395,'Another pushy test',28,119,'2016-01-05 08:54:28','2016-01-05 08:54:28'),(396,'Push test 1\n',28,119,'2016-01-05 09:18:01','2016-01-05 09:18:01'),(398,'Hello and welcome to Gigstr. Thank you for applying to this gig. We will shortly provide you with more info.',28,122,'2016-01-05 10:19:21','2016-01-05 10:19:21'),(399,'Pushy',28,122,'2016-01-05 10:20:25','2016-01-05 10:20:25'),(400,'sdfsdfdsfsdfsdfs',28,92,'2016-01-06 09:06:59','2016-01-06 09:06:59'),(401,'dgdfgd dfg d gdf gdfg',28,92,'2016-01-06 09:38:22','2016-01-06 09:38:22'),(402,'hhhhhhhhhhhhhhhhhhhhh',28,92,'2016-01-06 09:38:39','2016-01-06 09:38:39'),(403,'ffhrtrtyrtytr',28,92,'2016-01-06 09:38:55','2016-01-06 09:38:55'),(404,'test',28,92,'2016-01-06 09:51:31','2016-01-06 09:51:31'),(405,'test',28,92,'2016-01-06 09:51:47','2016-01-06 09:51:47'),(406,'abc',28,92,'2016-01-06 09:52:20','2016-01-06 09:52:20'),(407,'hello https://en.wikipedia.org/wiki/Wiki hello',28,92,'2016-01-06 09:53:07','2016-01-06 09:53:07'),(408,'ss',28,92,'2016-01-06 09:56:15','2016-01-06 09:56:15'),(409,'hha\n',28,92,'2016-01-06 09:57:58','2016-01-06 09:57:58'),(410,'test 1ss',28,92,'2016-01-06 09:59:39','2016-01-06 09:59:39'),(411,'lol',28,92,'2016-01-06 10:00:00','2016-01-06 10:00:00'),(412,'ahdjshdjs sdnsdksd',28,92,'2016-01-06 10:00:44','2016-01-06 10:00:44'),(413,'hahee',28,92,'2016-01-06 10:00:58','2016-01-06 10:00:58'),(414,'fdfdfvf dvfd',28,92,'2016-01-06 10:03:25','2016-01-06 10:03:25'),(415,'hehjehje ',28,92,'2016-01-06 10:03:37','2016-01-06 10:03:37'),(416,'fdfkd ',28,92,'2016-01-06 10:03:57','2016-01-06 10:03:57'),(417,'hshs fnndj d',28,92,'2016-01-06 10:05:29','2016-01-06 10:05:29'),(418,'toll',28,92,'2016-01-06 10:05:43','2016-01-06 10:05:43'),(419,'hajosdod fd;df\'',28,92,'2016-01-06 10:06:05','2016-01-06 10:06:05'),(420,'bilall',28,92,'2016-01-06 10:06:57','2016-01-06 10:06:57'),(421,'Hello and welcome to Gigstr. Thank you for applying to this gig. We will shortly provide you with more info.',28,123,'2016-01-06 12:18:38','2016-01-06 12:18:38'),(422,'Hello',28,123,'2016-01-06 12:19:53','2016-01-06 12:19:53'),(423,'Hello',89,123,'2016-01-06 12:21:11','2016-01-06 12:21:11'),(424,'Hello2',28,123,'2016-01-06 12:22:06','2016-01-06 12:22:06'),(425,'Hello and welcome to Gigstr. Thank you for applying to this gig. We will shortly provide you with more info.',28,124,'2016-01-06 12:29:26','2016-01-06 12:29:26'),(426,'Hello and welcome to Gigstr. Thank you for applying to this gig. We will shortly provide you with more info.',28,125,'2016-01-06 19:48:31','2016-01-06 19:48:31'),(427,'hllo',28,125,'2016-01-06 19:51:08','2016-01-06 19:51:08'),(428,'Hallo',28,125,'2016-01-06 19:56:01','2016-01-06 19:56:01'),(429,'Hello and welcome to Gigstr. Thank you for applying to this gig. We will shortly provide you with more info.',28,126,'2016-01-07 05:49:30','2016-01-07 05:49:30'),(430,'hello',28,126,'2016-01-07 05:50:33','2016-01-07 05:50:33'),(432,'Hello and welcome to Gigstr. Thank you for applying to this gig. We will shortly provide you with more info.',28,128,'2016-01-07 07:55:47','2016-01-07 07:55:47'),(442,'Hello and welcome to Gigstr. Thank you for applying to this gig. We will shortly provide you with more info.',28,129,'2016-01-08 09:46:52','2016-01-08 09:46:52'),(443,'sdfsdfsd sdfdsf',28,129,'2016-01-08 09:47:04','2016-01-08 09:47:04'),(444,'sdfsd fsdfs sfsdf sd fsd sdf ',28,129,'2016-01-08 10:02:01','2016-01-08 10:02:01'),(445,'sdfs sdfsdf sfs fsfsdf sdfsdf www.cnn.com sdfsdfsdfsdfsf',28,129,'2016-01-08 10:02:33','2016-01-08 10:02:33'),(446,'dsddsfsdfsfs sdf sdfsdf sdfs d www.redtube.com sdfsdfsdfsdf',28,129,'2016-01-08 10:08:39','2016-01-08 10:08:39'),(447,'Megaskanks.com',94,129,'2016-01-08 10:09:42','2016-01-08 10:09:42'),(448,'Mixhdporn',94,129,'2016-01-08 10:09:50','2016-01-08 10:09:50'),(449,'Hello and welcome to Gigstr. Thank you for applying to this gig. We will shortly provide you with more info.',28,130,'2016-01-10 22:14:31','2016-01-10 22:14:31'),(450,'Hello2',28,130,'2016-01-10 22:21:22','2016-01-10 22:21:22'),(451,'Hello and welcome to Gigstr. Thank you for applying to this gig. We will shortly provide you with more info.',28,131,'2016-01-10 22:27:48','2016-01-10 22:27:48'),(452,'Hello',99,131,'2016-01-10 22:27:57','2016-01-10 22:27:57'),(453,'Hello and welcome to Gigstr. Thank you for applying to this gig. We will shortly provide you with more info.',28,132,'2016-01-10 22:28:46','2016-01-10 22:28:46'),(454,'Hej',98,130,'2016-01-10 23:46:25','2016-01-10 23:46:25'),(455,'Hej',98,130,'2016-01-10 23:47:38','2016-01-10 23:47:38'),(456,'Hej',98,130,'2016-01-10 23:47:55','2016-01-10 23:47:55'),(457,'Hjk',98,130,'2016-01-10 23:48:35','2016-01-10 23:48:35'),(458,'Hi',99,132,'2016-01-11 00:06:17','2016-01-11 00:06:17'),(459,'Holla',99,132,'2016-01-11 00:06:29','2016-01-11 00:06:29'),(460,'Hi',28,132,'2016-01-11 00:07:49','2016-01-11 00:07:49'),(461,'Thank you for applying',28,132,'2016-01-11 00:08:07','2016-01-11 00:08:07'),(462,'It works',28,132,'2016-01-11 00:08:40','2016-01-11 00:08:40'),(463,'Hello and welcome to Gigstr. Thank you for applying to this gig. We will shortly provide you with more info.',28,133,'2016-01-11 02:09:22','2016-01-11 02:09:22'),(464,'Hi',36,133,'2016-01-11 02:09:31','2016-01-11 02:09:31'),(465,'http://staging-gigster.efserver.net/admin/gig/edit/33\nThis is a link',28,133,'2016-01-11 02:11:40','2016-01-11 02:11:40'),(466,'hi\n',28,133,'2016-01-11 04:43:25','2016-01-11 04:43:25'),(467,'this is a chat test',28,133,'2016-01-11 04:43:39','2016-01-11 04:43:39'),(468,'www.google.com',28,132,'2016-01-11 05:07:59','2016-01-11 05:07:59'),(470,'Got the push notification ',36,133,'2016-01-11 15:06:31','2016-01-11 15:06:31'),(471,'Hello and welcome to Gigstr. Thank you for applying to this gig. We will shortly provide you with more info.',28,135,'2016-01-11 18:08:26','2016-01-11 18:08:26'),(472,'Hi',100,135,'2016-01-11 18:08:40','2016-01-11 18:08:40'),(473,'Hi I too',100,135,'2016-01-11 18:19:48','2016-01-11 18:19:48'),(474,'Q',100,135,'2016-01-11 18:24:43','2016-01-11 18:24:43'),(475,'1',28,135,'2016-01-11 18:25:36','2016-01-11 18:25:36'),(476,'2',100,135,'2016-01-11 18:29:37','2016-01-11 18:29:37'),(477,'www.google.com',28,135,'2016-01-11 19:59:05','2016-01-11 19:59:05'),(478,'Hello',55,92,'2016-01-12 06:08:59','2016-01-12 06:08:59'),(481,'Hello and welcome to Gigstr. Thank you for applying to this gig. We will shortly provide you with more info.',28,136,'2016-01-12 14:07:23','2016-01-12 14:07:23'),(482,'Snaha',99,136,'2016-01-12 14:07:28','2016-01-12 14:07:28'),(483,'Hello Abc',28,136,'2016-01-12 14:09:27','2016-01-12 14:09:27'),(484,'Hello',28,136,'2016-01-12 14:10:19','2016-01-12 14:10:19'),(485,'Hello and welcome to Gigstr. Thank you for applying to this gig. We will shortly provide you with more info.',28,137,'2016-01-13 07:31:00','2016-01-13 07:31:00'),(486,'Hi',95,137,'2016-01-13 07:31:17','2016-01-13 07:31:17'),(487,'Hello and welcome to Gigstr. Thank you for applying to this gig. We will shortly provide you with more info.',28,138,'2016-01-13 10:56:20','2016-01-13 10:56:20'),(488,'Hello',35,120,'2016-01-13 13:55:41','2016-01-13 13:55:41'),(489,'Hi',35,120,'2016-01-13 13:55:47','2016-01-13 13:55:47'),(490,'Hello and welcome to Gigstr. Thank you for applying to this gig. We will shortly provide you with more info.',28,139,'2016-01-13 13:57:39','2016-01-13 13:57:39'),(491,'Helö',35,139,'2016-01-13 13:57:47','2016-01-13 13:57:47'),(492,'WWW.hitta.se',35,139,'2016-01-13 13:58:09','2016-01-13 13:58:09'),(493,'Hello and welcome to Gigstr. Thank you for applying to this gig. We will shortly provide you with more info.',28,140,'2016-01-13 14:10:06','2016-01-13 14:10:06'),(494,'Hello and welcome to Gigstr. Thank you for applying to this gig. We will shortly provide you with more info.',28,141,'2016-01-13 14:16:54','2016-01-13 14:16:54'),(495,'Hi',102,141,'2016-01-13 14:17:00','2016-01-13 14:17:00'),(496,'Hello',28,141,'2016-01-13 14:17:34','2016-01-13 14:17:34'),(497,'Hello and welcome to Gigstr. Thank you for applying to this gig. We will shortly provide you with more info.',28,142,'2016-01-13 14:31:54','2016-01-13 14:31:54'),(498,'Hello and welcome to Gigstr. Thank you for applying to this gig. We will shortly provide you with more info.',28,143,'2016-01-13 14:36:55','2016-01-13 14:36:55'),(499,'Hi',102,143,'2016-01-13 14:46:58','2016-01-13 14:46:58'),(500,'Snan',35,120,'2016-01-13 14:48:59','2016-01-13 14:48:59'),(501,'Hello and welcome to Gigstr. Thank you for applying to this gig. We will shortly provide you with more info.',28,144,'2016-01-13 15:00:31','2016-01-13 15:00:31'),(503,'Hej',78,114,'2016-01-13 15:10:31','2016-01-13 15:10:31'),(504,'Hello and welcome to Gigstr. Thank you for applying to this gig. We will shortly provide you with more info.',28,146,'2016-01-13 15:13:04','2016-01-13 15:13:04'),(505,'Hello',28,146,'2016-01-13 15:13:41','2016-01-13 15:13:41'),(506,'Hi',28,146,'2016-01-13 15:13:58','2016-01-13 15:13:58'),(507,'Hello and welcome to Gigstr. Thank you for applying to this gig. We will shortly provide you with more info.',28,147,'2016-01-13 18:41:47','2016-01-13 18:41:47'),(508,'Hallo',97,147,'2016-01-13 18:42:00','2016-01-13 18:42:00'),(509,'Hi',28,147,'2016-01-13 19:02:45','2016-01-13 19:02:45'),(511,'Hello and welcome to Gigstr. Thank you for applying to this gig. We will shortly provide you with more info.',28,148,'2016-01-13 19:08:43','2016-01-13 19:08:43'),(512,'Hello pushy',28,148,'2016-01-13 19:09:41','2016-01-13 19:09:41'),(513,'test',28,147,'2016-01-13 19:21:15','2016-01-13 19:21:15'),(514,'Hi',28,148,'2016-01-13 19:21:59','2016-01-13 19:21:59'),(515,'dddd',28,148,'2016-01-13 19:22:40','2016-01-13 19:22:40'),(516,'hi again',28,148,'2016-01-13 19:23:09','2016-01-13 19:23:09'),(517,'30 sec test',28,148,'2016-01-13 19:24:01','2016-01-13 19:24:01'),(518,'time tes2',28,148,'2016-01-13 19:24:41','2016-01-13 19:24:41'),(519,'Jdjsm',97,148,'2016-01-13 19:25:09','2016-01-13 19:25:09'),(520,'yes',28,148,'2016-01-13 19:25:19','2016-01-13 19:25:19'),(521,'Hsu',28,148,'2016-01-13 19:26:13','2016-01-13 19:26:13'),(522,'20',28,148,'2016-01-13 19:26:41','2016-01-13 19:26:41'),(523,'10',28,148,'2016-01-13 19:27:14','2016-01-13 19:27:14'),(524,'20',28,148,'2016-01-13 19:27:28','2016-01-13 19:27:28'),(525,'40',28,148,'2016-01-13 19:27:55','2016-01-13 19:27:55'),(526,'50',28,148,'2016-01-13 19:28:39','2016-01-13 19:28:39'),(527,'60',28,148,'2016-01-13 19:30:10','2016-01-13 19:30:10'),(528,'70',28,148,'2016-01-13 19:33:04','2016-01-13 19:33:04'),(529,'80',28,148,'2016-01-13 19:33:43','2016-01-13 19:33:43'),(530,'90',28,148,'2016-01-13 19:35:29','2016-01-13 19:35:29'),(531,'100',28,148,'2016-01-13 19:36:33','2016-01-13 19:36:33'),(532,'Hej',97,148,'2016-01-13 19:52:27','2016-01-13 19:52:27'),(533,'www.codebuilders.se',28,148,'2016-01-13 20:04:18','2016-01-13 20:04:18'),(535,'Hello and welcome to Gigstr. Thank you for applying to this gig. We will shortly provide you with more info.',28,150,'2016-01-14 04:03:46','2016-01-14 04:03:46'),(536,'Hdjd',55,138,'2016-01-14 04:05:09','2016-01-14 04:05:09'),(537,'Snd',55,60,'2016-01-14 04:06:22','2016-01-14 04:06:22'),(538,'Hello and welcome to Gigstr. Thank you for applying to this gig. We will shortly provide you with more info.',28,151,'2016-01-14 04:06:36','2016-01-14 04:06:36'),(539,'Hdhd',55,151,'2016-01-14 04:08:02','2016-01-14 04:08:02'),(540,'hahahah google.com\n',28,151,'2016-01-14 04:23:12','2016-01-14 04:23:12'),(541,'We are an online community focused on creating the ultimate software developers resource and career center ; targeted at the technical architect, technical http://www.facebook.com \nteam lead (senior developer), project manager,UX Engineer QA Engineer and junior developers.',28,151,'2016-01-14 04:24:23','2016-01-14 04:24:23'),(542,'shjshjsd sdjsdkjsk sjsdkjskjds sdkjdskjsdk sdkjsdkjsdkjds http://www.google.com sdkjskksd smnslmnl s sidhsdnlsndl sdjnsdlnlsd s,nsdlnsldnls sdjnsdlnsld sdsdnlsdmlsd',28,151,'2016-01-14 04:27:28','2016-01-14 04:27:28'),(543,'abcdefg hijklmnop qrst u and v http:www.abc.com. is  very popular among children.',28,151,'2016-01-14 04:39:45','2016-01-14 04:39:45'),(544,'abcdefg hijklmnop qrst u and v http://www.abc.com. is very popular among children.',28,151,'2016-01-14 04:40:11','2016-01-14 04:40:11'),(545,'Hrh',55,151,'2016-01-14 05:02:47','2016-01-14 05:02:47'),(546,'Hello and welcome to Gigstr. Thank you for applying to this gig. We will shortly provide you with more info.',28,152,'2016-01-14 05:03:39','2016-01-14 05:03:39'),(547,'Test',95,137,'2016-01-14 07:03:36','2016-01-14 07:03:36'),(548,'S',55,151,'2016-01-14 08:34:51','2016-01-14 08:34:51'),(549,'Hej',97,147,'2016-01-14 12:01:26','2016-01-14 12:01:26'),(550,'Hej',28,147,'2016-01-14 13:11:44','2016-01-14 13:11:44'),(551,'Hek',97,147,'2016-01-14 13:12:30','2016-01-14 13:12:30'),(552,'Hello and welcome to Gigstr. Thank you for applying to this gig. We will shortly provide you with more info.',28,153,'2016-01-14 13:13:15','2016-01-14 13:13:15'),(553,'Jobb',97,153,'2016-01-14 13:42:03','2016-01-14 13:42:03'),(554,'Hhh',97,153,'2016-01-14 13:42:10','2016-01-14 13:42:10'),(555,'Hello and welcome to Gigstr. Thank you for applying to this gig. We will shortly provide you with more info.',28,154,'2016-01-14 14:24:11','2016-01-14 14:24:11'),(556,'Hej',103,154,'2016-01-14 14:24:20','2016-01-14 14:24:20'),(557,'Hello and welcome to Gigstr. Thank you for applying to this gig. We will shortly provide you with more info.',28,155,'2016-01-14 14:40:41','2016-01-14 14:40:41'),(558,'Hello and welcome to Gigstr. Thank you for applying to this gig. We will shortly provide you with more info.',28,156,'2016-01-14 14:47:34','2016-01-14 14:47:34'),(563,'Www.Kollektiva.se',97,148,'2016-01-15 15:17:37','2016-01-15 15:17:37'),(564,'Http://www.kollekriva.se',97,148,'2016-01-15 15:18:01','2016-01-15 15:18:01'),(565,'www.kollektiva.se',28,148,'2016-01-15 15:19:02','2016-01-15 15:19:02'),(570,'no chat\n',28,133,'2016-01-16 05:51:32','2016-01-16 05:51:32'),(571,'Hi',36,133,'2016-01-16 05:51:58','2016-01-16 05:51:58'),(572,'Hi hi',36,133,'2016-01-16 05:52:24','2016-01-16 05:52:24'),(573,'Hi',28,133,'2016-01-16 05:55:22','2016-01-16 05:55:22'),(574,'Chat one',36,133,'2016-01-16 05:57:47','2016-01-16 05:57:47'),(575,'Chat two',36,133,'2016-01-16 05:58:01','2016-01-16 05:58:01'),(576,'sdfsdfsd sdfsd fsdf sfsfsd sdf sf ',62,82,'2016-01-17 16:43:09','2016-01-17 16:43:09'),(577,'sdfsdfsd sdfsd fsdf sfsfsd sdf sf ',62,82,'2016-01-17 16:43:38','2016-01-17 16:43:38'),(578,'sdfsdfsd sdfsd fsdf sfsfsd sdf sf ',62,82,'2016-01-17 16:48:48','2016-01-17 16:48:48'),(579,'sdfsdfsd sdfsd fsdf sfsfsd sdf sf ',62,82,'2016-01-17 16:49:05','2016-01-17 16:49:05'),(588,'Hfhf',95,137,'2016-01-18 04:27:39','2016-01-18 04:27:39'),(589,'Bxhbx',95,137,'2016-01-18 04:27:43','2016-01-18 04:27:43'),(590,'Hello and welcome to Gigstr. Thank you for applying to this gig. We will shortly provide you with more info.',28,159,'2016-01-18 22:08:29','2016-01-18 22:08:29'),(591,'Hello check out www.garantibil.se',28,159,'2016-01-18 22:09:19','2016-01-18 22:09:19'),(592,'Hello check out www.example.com',28,159,'2016-01-18 22:12:48','2016-01-18 22:12:48'),(593,'Hello Hello Hello Hello Hello Hello Hello . ...... .. . .sdjflajsdfl jasdlfj alskdjf lajssdöj föajdsf ajdö j',28,159,'2016-01-18 22:13:27','2016-01-18 22:13:27'),(594,'http://www.example.com',28,159,'2016-01-18 22:13:57','2016-01-18 22:13:57'),(595,'Hej',107,159,'2016-01-18 22:19:04','2016-01-18 22:19:04'),(596,'Hej',107,159,'2016-01-18 22:20:20','2016-01-18 22:20:20'),(597,'Hello and welcome to Gigstr. Thank you for applying to this gig. We will shortly provide you with more info.',28,160,'2016-01-18 22:22:16','2016-01-18 22:22:16'),(598,'Ok',106,160,'2016-01-18 22:22:30','2016-01-18 22:22:30'),(599,'Ok',106,160,'2016-01-18 22:22:34','2016-01-18 22:22:34'),(600,'Jjk',106,160,'2016-01-18 22:23:44','2016-01-18 22:23:44'),(601,'Hello and welcome to Gigstr. Thank you for applying to this gig. We will shortly provide you with more info.',28,161,'2016-01-18 22:39:28','2016-01-18 22:39:28'),(602,'Hej',106,161,'2016-01-18 22:39:35','2016-01-18 22:39:35'),(603,'Hello and welcome to Gigstr. Thank you for applying to this gig. We will shortly provide you with more info.',28,162,'2016-01-18 22:42:24','2016-01-18 22:42:24'),(604,'Hej',108,162,'2016-01-18 22:42:28','2016-01-18 22:42:28'),(605,'Hello and welcome to Gigstr. Thank you for applying to this gig. We will shortly provide you with more info.',28,163,'2016-01-18 23:14:21','2016-01-18 23:14:21'),(606,'Hello and welcome to Gigstr. Thank you for applying to this gig. We will shortly provide you with more info.',28,164,'2016-01-18 23:55:23','2016-01-18 23:55:23'),(607,'Hej',109,164,'2016-01-18 23:55:38','2016-01-18 23:55:38'),(608,'Hejsan www.betala.se',28,164,'2016-01-19 00:12:00','2016-01-19 00:12:00'),(609,'Http://www.allabolag.se',28,164,'2016-01-19 00:13:04','2016-01-19 00:13:04'),(610,'adlfjalskdjf.www.hitta.se',28,164,'2016-01-19 00:15:36','2016-01-19 00:15:36'),(611,'http://www.wywallet.se',109,164,'2016-01-19 00:18:06','2016-01-19 00:18:06'),(612,'Www.wywallet.se',109,164,'2016-01-19 00:18:18','2016-01-19 00:18:18'),(613,'https://www.wywallet.se',28,164,'2016-01-19 00:18:53','2016-01-19 00:18:53'),(614,'As',55,151,'2016-01-19 00:38:02','2016-01-19 00:38:02'),(615,'Hello check out www.example.com',28,151,'2016-01-19 00:38:34','2016-01-19 00:38:34'),(616,'Hello check out www.example.com www.google.com',28,151,'2016-01-19 00:39:02','2016-01-19 00:39:02'),(617,'www.example.com\n',28,151,'2016-01-19 00:39:21','2016-01-19 00:39:21'),(618,'check out www.example.com',28,151,'2016-01-19 00:39:43','2016-01-19 00:39:43'),(619,'Hello check out www.example.com',28,151,'2016-01-19 00:39:55','2016-01-19 00:39:55'),(620,'Hello check out www.google.com',28,151,'2016-01-19 00:40:18','2016-01-19 00:40:18'),(621,'Hello check out www.example.com',28,151,'2016-01-19 00:44:05','2016-01-19 00:44:05'),(622,'Hello and welcome to Gigstr. Thank you for applying to this gig. We will shortly provide you with more info.',28,165,'2016-01-19 00:45:47','2016-01-19 00:45:47'),(623,'Hello check out www.example.com\n',28,165,'2016-01-19 00:46:26','2016-01-19 00:46:26'),(624,'Hello check out www.example.com',28,165,'2016-01-19 00:46:45','2016-01-19 00:46:45'),(625,'Hello check out www.example.com',28,165,'2016-01-19 00:47:00','2016-01-19 00:47:00'),(626,'Hello check out www.example.com',28,165,'2016-01-19 01:07:30','2016-01-19 01:07:30'),(627,'Hello check out www.example.com',28,165,'2016-01-19 01:07:51','2016-01-19 01:07:51'),(628,'Hello check out www.example.com test',28,165,'2016-01-19 01:21:23','2016-01-19 01:21:23'),(629,'Hello check out www',55,165,'2016-01-19 01:22:06','2016-01-19 01:22:06'),(630,'Hello check out www.example.com',55,165,'2016-01-19 01:22:25','2016-01-19 01:22:25'),(631,'Hello check out www.example.com.\n',28,165,'2016-01-19 01:28:51','2016-01-19 01:28:51'),(634,'Hi',99,136,'2016-01-19 08:04:27','2016-01-19 08:04:27'),(636,'Hello and welcome to Gigstr. Thank you for applying to this gig. We will shortly provide you with more info.',28,166,'2016-01-19 08:12:27','2016-01-19 08:12:27'),(637,'Hello and welcome to Gigstr. Thank you for applying to this gig. We will shortly provide you with more info.',28,167,'2016-01-19 08:53:54','2016-01-19 08:53:54'),(638,'Hello and welcome to Gigstr. Thank you for applying to this gig. We will shortly provide you with more info.',28,168,'2016-01-19 11:24:28','2016-01-19 11:24:28'),(639,'Hello and welcome to Gigstr. Thank you for applying to this gig. We will shortly provide you with more info.',28,169,'2016-01-19 11:25:58','2016-01-19 11:25:58'),(640,'Hi www.google.com',55,60,'2016-01-19 11:48:34','2016-01-19 11:48:34'),(641,'Hello and welcome to Gigstr. Thank you for applying to this gig. We will shortly provide you with more info.',28,170,'2016-01-19 16:21:18','2016-01-19 16:21:18'),(642,'Hejsan',111,170,'2016-01-19 16:21:33','2016-01-19 16:21:33'),(643,'Http://www.hitta.se',111,170,'2016-01-19 16:27:00','2016-01-19 16:27:00'),(649,'Hello and welcome to Gigstr. Thank you for applying to this gig. We will shortly provide you with more info.',28,172,'2016-01-20 05:26:25','2016-01-20 05:26:25'),(650,'Test',28,172,'2016-01-20 05:26:51','2016-01-20 05:26:51'),(651,'www.betala.se',28,170,'2016-01-20 07:05:19','2016-01-20 07:05:19'),(652,'Hello and welcome to Gigstr. Thank you for applying to this gig. We will shortly provide you with more info.',28,173,'2016-01-20 07:17:51','2016-01-20 07:17:51'),(653,'Hello',113,173,'2016-01-20 07:18:03','2016-01-20 07:18:03'),(654,'Hello and welcome to Gigstr. Thank you for applying to this gig. We will shortly provide you with more info.',28,174,'2016-01-20 07:52:27','2016-01-20 07:52:27'),(655,'Cgc',111,170,'2016-01-20 07:54:04','2016-01-20 07:54:04'),(656,'Hhvv',111,170,'2016-01-20 07:54:07','2016-01-20 07:54:07'),(657,'Jhvgh',111,170,'2016-01-20 07:54:10','2016-01-20 07:54:10'),(658,'Hhcc',111,170,'2016-01-20 07:54:14','2016-01-20 07:54:14'),(659,'hejsan',28,170,'2016-01-20 07:56:32','2016-01-20 07:56:32'),(660,'Hello and welcome to Gigstr. Thank you for applying to this gig. We will shortly provide you with more info.',28,175,'2016-01-20 08:07:29','2016-01-20 08:07:29'),(661,'Hej',62,89,'2016-01-20 08:36:04','2016-01-20 08:36:04'),(662,'Bbhchh',62,89,'2016-01-20 08:36:09','2016-01-20 08:36:09'),(663,'Bbjjh',62,89,'2016-01-20 08:49:45','2016-01-20 08:49:45'),(664,'Vvhcc',62,89,'2016-01-20 08:49:48','2016-01-20 08:49:48'),(665,'Ggggvchj',62,88,'2016-01-20 08:50:15','2016-01-20 08:50:15'),(666,'Hej\n',28,88,'2016-01-21 07:23:21','2016-01-21 07:23:21'),(667,'Hej',62,88,'2016-01-21 07:23:47','2016-01-21 07:23:47'),(668,'Hej!\n',28,170,'2016-01-21 07:35:39','2016-01-21 07:35:39'),(669,'Hello and welcome to Gigstr. Thank you for applying to this gig. We will shortly provide you with more info.',28,176,'2016-01-21 09:34:01','2016-01-21 09:34:01'),(670,'Hello and welcome to Gigstr. Thank you for applying to this gig. We will shortly provide you with more info.',28,177,'2016-01-21 09:34:16','2016-01-21 09:34:16'),(671,'Bbhchh',62,176,'2016-01-21 09:34:25','2016-01-21 09:34:25'),(672,'hej!',28,176,'2016-01-21 09:35:18','2016-01-21 09:35:18'),(673,'Glöm inte att det är dags för nya roliga grejer',28,176,'2016-01-21 09:35:36','2016-01-21 09:35:36'),(674,'hej!',28,176,'2016-01-21 09:36:16','2016-01-21 09:36:16'),(675,'Hej Johnnny',28,176,'2016-01-21 09:37:16','2016-01-21 09:37:16'),(676,'Hej',62,176,'2016-01-21 09:37:50','2016-01-21 09:37:50'),(677,'Möte 12:30! Sharp! :)',28,177,'2016-01-21 09:39:19','2016-01-21 09:39:19'),(678,'Yes! Boss!',62,177,'2016-01-21 09:39:49','2016-01-21 09:39:49'),(679,'Hej! Vi drar igång v.6\n',28,177,'2016-01-21 09:42:59','2016-01-21 09:42:59'),(680,'Hej!',28,177,'2016-01-21 09:43:25','2016-01-21 09:43:25'),(681,'Hej och välkommen på utbildning imorgon kl 16',28,177,'2016-01-21 09:43:57','2016-01-21 09:43:57'),(682,'Glöm inte att tidsrapporters: www.tele2.se',28,177,'2016-01-21 09:44:34','2016-01-21 09:44:34'),(683,'Ok fixat',62,177,'2016-01-21 09:45:03','2016-01-21 09:45:03'),(684,'Hello and welcome to Gigstr. Thank you for applying to this gig. We will shortly provide you with more info.',28,178,'2016-01-21 09:45:34','2016-01-21 09:45:34'),(685,';)',111,178,'2016-01-21 09:46:26','2016-01-21 09:46:26'),(686,'JjdhjjjdbjjjjBy supporting worker mobility, cities can both foster the growth of denser talent networks within their borders and increase the likelihood of technological and other productive innovation. And yet some cities seem to attract talent much more easily than others. Californian cities have proven especially good at this despite their high cost of living. How do they do it?\n\nThey cater to young people. Young professionals, especially those between the ages of 25 and 34, are often the most mobile — it’s a lot easier to move before you have a spouse, mortgage, and/or kids — so it’s easier to induce them to move to your city.\n\nBut in some ways, they’re also the most difficult to satisfy. Younger workers seek not only a good salary at a respectable company (just like older workers), but also innovative environments in which to live, work, and grow. They want to make sure they’ll learn on and off the job, have access to local cultural opportunities, and develop a robust professional network. In 2015, 60% of graduating college students reported that they would prefer to work at a company with a positive social atmosphere, responsible production, and a fun work environment, even if it meant earning a lower salary. They also said they were looking for growth and development at work, not simply short-term goals and personal financial gain. This means that cities and companies will attract better talent if they can demonstrate that the move will contribute to the professionals’ careers, including after they leave the company.',62,177,'2016-01-21 09:53:19','2016-01-21 09:53:19'),(687,'http://www.dailymail.co.uk/home/index.html',28,133,'2016-01-21 11:28:53','2016-01-21 11:28:53'),(688,'Hoo hoo',36,133,'2016-01-21 11:30:12','2016-01-21 11:30:12'),(689,'Hello and welcome to Gigstr. Thank you for applying to this gig. We will shortly provide you with more info.',28,179,'2016-01-21 19:21:28','2016-01-21 19:21:28'),(690,'Hi',121,179,'2016-01-21 19:21:34','2016-01-21 19:21:34'),(691,'Hello and welcome to Gigstr. Thank you for applying to this gig. We will shortly provide you with more info.',28,180,'2016-01-22 06:10:10','2016-01-22 06:10:10'),(692,'Test',123,180,'2016-01-22 06:10:24','2016-01-22 06:10:24'),(693,'Hello and welcome to Gigstr. Thank you for applying to this gig. We will shortly provide you with more info.',28,181,'2016-01-22 06:35:02','2016-01-22 06:35:02'),(694,'Hi',28,181,'2016-01-22 06:43:41','2016-01-22 06:43:41'),(695,'Hi',28,181,'2016-01-22 06:51:44','2016-01-22 06:51:44'),(696,'Hi Hi',28,179,'2016-01-22 06:56:02','2016-01-22 06:56:02'),(697,'Hello and welcome to Gigstr. Thank you for applying to this gig. We will shortly provide you with more info.',28,182,'2016-01-22 06:57:44','2016-01-22 06:57:44'),(698,'Hi',123,182,'2016-01-22 07:04:01','2016-01-22 07:04:01'),(699,'Hi',28,182,'2016-01-22 07:05:57','2016-01-22 07:05:57'),(700,'Push Test',28,182,'2016-01-22 07:08:38','2016-01-22 07:08:38'),(701,'test',28,182,'2016-01-22 07:15:44','2016-01-22 07:15:44'),(702,'test',28,182,'2016-01-22 07:16:02','2016-01-22 07:16:02'),(703,'lol',28,182,'2016-01-22 07:17:16','2016-01-22 07:17:16'),(705,'Hello and welcome to Gigstr. Thank you for applying to this gig. We will shortly provide you with more info.',28,183,'2016-01-22 07:49:17','2016-01-22 07:49:17'),(706,'Hej',124,183,'2016-01-22 07:49:36','2016-01-22 07:49:36'),(707,'Pushy',28,183,'2016-01-22 07:50:45','2016-01-22 07:50:45'),(708,'Hej svejs\nHur mår du?',28,177,'2016-01-22 08:32:27','2016-01-22 08:32:27'),(710,'Hi',95,169,'2016-01-22 09:13:17','2016-01-22 09:13:17'),(711,'Hello and welcome to Gigstr. Thank you for applying to this gig. We will shortly provide you with more info.',28,184,'2016-01-22 09:14:32','2016-01-22 09:14:32'),(712,'Hello and welcome to Gigstr. Thank you for applying to this gig. We will shortly provide you with more info.',28,185,'2016-01-22 10:38:20','2016-01-22 10:38:20'),(713,'Hello and welcome to Gigstr. Thank you for applying to this gig. We will shortly provide you with more info.',28,186,'2016-01-22 10:39:51','2016-01-22 10:39:51'),(714,'Hello',111,185,'2016-01-22 10:40:03','2016-01-22 10:40:03'),(715,'Hej',111,186,'2016-01-22 10:40:09','2016-01-22 10:40:09'),(716,'Hello and welcome to Gigstr. Thank you for applying to this gig. We will shortly provide you with more info.',28,187,'2016-01-25 09:39:56','2016-01-25 09:39:56'),(717,'assddf\nsdfsdfdsg',28,93,'2016-01-25 10:12:21','2016-01-25 10:12:21'),(718,'Hello and welcome to Gigstr. Thank you for applying to this gig. We will shortly provide you with more info.',28,188,'2016-01-25 19:08:12','2016-01-25 19:08:12'),(719,'Ok',124,188,'2016-01-25 19:09:13','2016-01-25 19:09:13'),(720,'Hello and welcome to Gigstr. Thank you for applying to this gig. We will shortly provide you with more info.',28,188,'2016-01-25 19:10:28','2016-01-25 19:10:28'),(721,'Hello and welcome to Gigstr. Thank you for applying to this gig. We will shortly provide you with more info. Hello and welcome to Gigstr. Thank you for applying to this gig. We will shortly provide you with more info.',28,188,'2016-01-25 19:10:58','2016-01-25 19:10:58'),(722,'. . . . . . . . . . . . . . . . . . . . . . . . . . .. . . . ',28,188,'2016-01-25 19:13:10','2016-01-25 19:13:10'),(723,'...............................................................................................................................................................................................',28,188,'2016-01-25 19:13:41','2016-01-25 19:13:41'),(724,'Hello and welcome to Gigstr. Thank you for applying to this gig. We will shortly provide you with more info.',28,189,'2016-01-26 06:41:12','2016-01-26 06:41:12'),(725,'Hej',124,189,'2016-01-26 06:41:18','2016-01-26 06:41:18'),(726,'......................................................................',124,188,'2016-01-26 06:42:06','2016-01-26 06:42:06'),(727,'Hello and welcome to Gigstr. Thank you for applying to this gig. We will shortly provide you with more info.',28,190,'2016-01-26 07:13:03','2016-01-26 07:13:03'),(728,'............................................................................................................................................................................................................................................................................................................................................',126,190,'2016-01-26 07:13:54','2016-01-26 07:13:54'),(729,'hjdhjsdhsd kajkja',28,190,'2016-01-26 08:23:44','2016-01-26 08:23:44'),(730,'skdjskdjksjd dkjdskjsdk dskjsdk',28,190,'2016-01-26 08:23:48','2016-01-26 08:23:48'),(731,'sdkjskdjs sdjksdlsd sdjsjdsd sdklsdklsd sdksdl',28,190,'2016-01-26 08:23:54','2016-01-26 08:23:54'),(732,'sdksdlksdlksd dslksdlklds sdlksdlklsd sdlkldsksd ',28,190,'2016-01-26 08:24:00','2016-01-26 08:24:00'),(733,'dskmsddsk sdkjsdljlsd sdlksldks dsljklskds',28,190,'2016-01-26 08:24:05','2016-01-26 08:24:05'),(734,'slksdlkldsksd sdlkdslkds dlklsdklds,',28,190,'2016-01-26 08:24:09','2016-01-26 08:24:09'),(735,'dhdhdhdhdhdhdhd dhdhdhdhd dhdhhdbddhd dhdhdhdhdhdhdhd dhdhdhdhd dhdhhdbddhd dhdhdhdhdhdhdhd dhdhdhdhd dhdhhdbddhd dhdhdhdhdhdhdhd dhdhdhdhd dhdhhdbddhd dhdhdhdhdhdhdhd dhdhdhdhd dhdhhdbddhd dhdhdhdhdhdhdhd dhdhdhdhd dhdhhdbddhd dhdhdhdhdhdhdhd dhdhdhdhd dhdhhdbddhd dhdhdhdhdhdhdhd dhdhdhdhd dhdhhdbddhd dhdhdhdhdhdhdhd dhdhdhdhd dhdhhdbddhd dhdhdhdhdhdhdhd dhdhdhdhd dhdhhdbddhd v v vv dhdhdhdhdhdhdhd dhdhdhdhd dhdhhdbddhddhdhdhdhdhdhdhd dhdhdhdhd dhdhhdbddhd dhdhdhdhdhdhdhd dhdhdhdhd dhdhhdbddhd  dhdhdhdhdhdhdhd dhdhdhdhd dhdhhdbddhddhdhdhdhdhdhdhd dhdhdhdhd dhdhhdbddhd',28,190,'2016-01-26 08:24:42','2016-01-26 08:24:42'),(736,'push test',28,183,'2016-01-26 08:32:49','2016-01-26 08:32:49'),(737,'test',28,183,'2016-01-26 08:34:27','2016-01-26 08:34:27'),(738,'Jag heter anton bla bla bla bla böa bla bla bla bla bla bla bla',124,183,'2016-01-26 08:37:34','2016-01-26 08:37:34'),(739,'ZnNan aka a al aba aala ala aa a aka aka ala ajalabakqlqhqq qjq q aala aja a aan a ala a aanaa  avaoa qkqba aqka avakqjqjqbqks',124,183,'2016-01-26 08:38:22','2016-01-26 08:38:22'),(740,'www.hitta.se ---- http://www.swedbank.se',28,183,'2016-01-26 08:48:12','2016-01-26 08:48:12'),(741,'Hello and welcome to Gigstr. Thank you for applying to this gig. We will shortly provide you with more info.',28,191,'2016-01-26 09:22:21','2016-01-26 09:22:21'),(742,'Hello',124,191,'2016-01-26 09:22:52','2016-01-26 09:22:52'),(743,'Hello and welcome to Gigstr. Thank you for applying to this gig. We will shortly provide you with more info.',28,192,'2016-01-26 09:23:52','2016-01-26 09:23:52'),(744,'dhdhhdbddhd dhdhdhdhdhdhdhd dhdhdhdhd dhdhhdbddhd dhdhdhdhdhdhdhd dhdhdhdhd dhdhhdbddhd dhdhdhdhdhdhdhd dhdhdhdhd dhdhhdbddhd v v vv dhdhdhdhdhdhdhd dhdhdhdhd dhdhhdbddhddhdhdhdhdhdhdhd dhdhdhdhd dhdhhdbddhd dhdh dhdhdhd hdh d dhdhdhd hd dhdhhdbddhd dhdhdh dh dhdhdh d dhdhdh d hd  dhdhhdbd dhd dhd hdhd hdh dhdhd dhdh dhdhd dhdh hdb ddhd',28,190,'2016-01-26 09:40:43','2016-01-26 09:40:43'),(745,'Hello and welcome to Gigstr. Thank you for applying to this gig. We will shortly provide you with more info.Hello and welcome to Gigstr. Thank you for applying to this gig. We will shortly provide you with more info.Hello and welcome to Gigstr. Thank you for applying to this gig. We will shortly provide you with more info.',28,190,'2016-01-26 09:42:09','2016-01-26 09:42:09'),(746,'Hej\nHej\nHej',28,183,'2016-01-26 09:48:43','2016-01-26 09:48:43'),(747,'Hello and welcome to Gigstr. Thank you for applying to this gig. We will shortly provide you with more info.',28,193,'2016-01-26 11:33:25','2016-01-26 11:33:25'),(748,'Hi',128,193,'2016-01-26 11:33:30','2016-01-26 11:33:30'),(749,'New',128,193,'2016-01-26 11:33:54','2016-01-26 11:33:54'),(750,'Hello and welcome to Gigstr. Thank you for applying to this gig. We will shortly provide you with more info.',28,194,'2016-01-26 11:49:35','2016-01-26 11:49:35'),(751,'Hejan hhhh',35,194,'2016-01-26 11:49:56','2016-01-26 11:49:56'),(752,'Hello and welcome to Gigstr. Thank you for applying to this gig. We will shortly provide you with more info.',28,195,'2016-01-26 11:58:29','2016-01-26 11:58:29'),(753,'Hello and welcome to Gigstr. Thank you for applying to this gig. We will shortly provide you with more info.',28,196,'2016-01-26 12:05:18','2016-01-26 12:05:18'),(754,'Jfjfjfj',129,196,'2016-01-26 12:05:22','2016-01-26 12:05:22'),(755,'Push\nTest\nPush',28,196,'2016-01-26 12:06:27','2016-01-26 12:06:27'),(756,'Agdjdk',129,196,'2016-01-26 12:09:09','2016-01-26 12:09:09'),(757,'............................................................',129,195,'2016-01-26 12:43:35','2016-01-26 12:43:35'),(758,'Hej\nHej\n....................................................................',28,195,'2016-01-26 12:44:56','2016-01-26 12:44:56'),(759,'Puch!',28,195,'2016-01-26 13:50:50','2016-01-26 13:50:50'),(760,'hey\n',28,184,'2016-01-26 14:52:00','2016-01-26 14:52:00'),(761,'hey',28,193,'2016-01-26 14:52:49','2016-01-26 14:52:49'),(762,'dfdasfsfasfd',28,188,'2016-01-26 14:57:38','2016-01-26 14:57:38'),(763,'Hello and welcome to Gigstr. Thank you for applying to this gig. We will shortly provide you with more info.',28,197,'2016-01-26 19:35:17','2016-01-26 19:35:17'),(764,'Vvvu   j cg jvhvjv  jchkcujhh uuihuihgjk  uxuogikk igyojy7ij  y',35,194,'2016-01-26 19:36:56','2016-01-26 19:36:56'),(765,'........................................................................................................',35,197,'2016-01-26 19:39:01','2016-01-26 19:39:01'),(766,'Ctvrctvg  rvfvfvgvgvtvt tvtvt t t t t t t t g g fvtvt t t t t t vt t t t  t t tvtvt t t t g t t t t t t t t t t t t g',35,194,'2016-01-26 19:39:40','2016-01-26 19:39:40'),(767,'Hjiivj',35,194,'2016-01-26 19:43:05','2016-01-26 19:43:05'),(768,'Hogo',35,194,'2016-01-26 19:43:09','2016-01-26 19:43:09'),(769,'.........................................................................',35,194,'2016-01-26 19:56:04','2016-01-26 19:56:04'),(770,'Hello and welcome to Gigstr. Thank you for applying to this gig. We will shortly provide you with more info.',28,198,'2016-01-26 20:03:46','2016-01-26 20:03:46'),(771,'Hej',129,198,'2016-01-26 20:04:10','2016-01-26 20:04:10'),(772,'Hej\nHej\nHej',28,198,'2016-01-26 20:06:37','2016-01-26 20:06:37'),(773,'Hej',129,198,'2016-01-26 20:06:59','2016-01-26 20:06:59'),(774,'Hej',129,198,'2016-01-26 20:07:04','2016-01-26 20:07:04'),(775,'Hej ',129,198,'2016-01-26 20:07:17','2016-01-26 20:07:17'),(776,'Bla',129,198,'2016-01-26 20:07:43','2016-01-26 20:07:43'),(777,'Hello and welcome to Gigstr. Thank you for applying to this gig. We will shortly provide you with more info.',28,199,'2016-01-26 20:30:34','2016-01-26 20:30:34'),(778,'Hej\nHej\nDu',28,198,'2016-01-26 21:19:26','2016-01-26 21:19:26'),(779,'Hallo\nHallo\nHallo\n',28,198,'2016-01-26 21:20:07','2016-01-26 21:20:07'),(780,'Kolla',54,179,'2016-01-26 22:28:42','2016-01-26 22:28:42'),(783,'Hello and welcome to Gigstr. Thank you for applying to this gig. We will shortly provide you with more info.',28,201,'2016-01-27 04:54:43','2016-01-27 04:54:43'),(787,'Hello and welcome to Gigstr. Thank you for applying to this gig. We will shortly provide you with more info.',28,204,'2016-01-27 08:53:16','2016-01-27 08:53:16'),(788,'Hello and welcome to Gigstr. Thank you for applying to this gig. We will shortly provide you with more info.',28,205,'2016-01-27 08:57:36','2016-01-27 08:57:36'),(789,'Hello and welcome to Gigstr. Thank you for applying to this gig. We will shortly provide you with more info.',28,206,'2016-01-27 11:52:04','2016-01-27 11:52:04'),(810,'Hello and welcome to Gigstr. Thank you for applying to this gig. We will shortly provide you with more info.',28,208,'2016-01-28 08:52:27','2016-01-28 08:52:27'),(815,'Hello and welcome to Gigstr. Thank you for applying to this gig. We will shortly provide you with more info.',28,209,'2016-01-28 12:13:14','2016-01-28 12:13:14'),(816,'Hello and welcome to Gigstr. Thank you for applying to this gig. We will shortly provide you with more info.',28,209,'2016-01-28 12:15:28','2016-01-28 12:15:28'),(817,'Hello and welcome to Gigstr. Thank you for applying to this gig. We will shortly provide you with more info..',28,209,'2016-01-28 12:15:58','2016-01-28 12:15:58'),(818,'Hello and welcome to Gigstr. Thank you for applying to this gig. We will shortly provide you with more info.Hello and welcome to Gigstr. Thank you for applying to this gig. We will shortly provide you with more info.',28,209,'2016-01-28 12:16:21','2016-01-28 12:16:21'),(819,'Hello and welcome to Gigstr. Thank you',28,209,'2016-01-28 12:18:07','2016-01-28 12:18:07'),(820,'Hello and welcome to Gigstr. Thank you for applying to this gig.',28,209,'2016-01-28 12:18:29','2016-01-28 12:18:29'),(821,'Hello and welcome to Gigstr. Thank you for applying to this gig. We will shortly provide you with more info.',28,210,'2016-01-28 12:26:59','2016-01-28 12:26:59'),(823,'sdadsad\n<br>asdad\n<br>asdadad',28,201,'2016-01-29 07:34:29','2016-01-29 07:34:29'),(824,'fhgfh\n<br>hsdfsf\n<br>',28,166,'2016-01-29 08:47:43','2016-01-29 08:47:43'),(825,'asdas\n<br>jhk\n<br>n,ndfgdfg',28,166,'2016-01-29 08:48:16','2016-01-29 08:48:16'),(828,'f\n<br>jkj',28,187,'2016-01-29 10:32:26','2016-01-29 10:32:26'),(829,'Hello and welcome to Gigstr. Thank you for applying to this gig. We will shortly provide you with more info.',28,212,'2016-01-29 14:34:53','2016-01-29 14:34:53'),(830,'hi\n<br>c\n<br>',28,201,'2016-01-31 12:26:49','2016-01-31 12:26:49'),(832,'Hi\nChat',28,90,'2016-02-01 04:12:21','2016-02-01 04:12:21'),(833,'Hello</br>Hello</br>Hello',28,90,'2016-02-01 06:11:53','2016-02-01 06:11:53'),(834,'Hi</br>Admin',28,90,'2016-02-01 06:16:36','2016-02-01 06:16:36'),(835,'Hello and welcome to Gigstr. Thank you for applying to this gig. We will shortly provide you with more info.',28,215,'2016-02-02 07:36:22','2016-02-02 07:36:22'),(836,'Hi',132,215,'2016-02-02 07:36:44','2016-02-02 07:36:44'),(837,'Hi</br>Ramesh</br>This</br>is</br>a break</br>',28,215,'2016-02-02 07:37:18','2016-02-02 07:37:18'),(838,'Are you<br>Getting<br>this<br>break?',28,215,'2016-02-02 07:39:46','2016-02-02 07:39:46'),(839,'Hi jdjidi',132,215,'2016-02-02 08:20:08','2016-02-02 08:20:08'),(840,'Hi jdjidi',132,215,'2016-02-02 08:20:17','2016-02-02 08:20:17'),(841,'Hi jdjidi',132,215,'2016-02-02 08:20:24','2016-02-02 08:20:24'),(842,'Hi',132,215,'2016-02-02 08:20:52','2016-02-02 08:20:52'),(843,'Hi',132,215,'2016-02-02 08:42:37','2016-02-02 08:42:37'),(844,'Test',132,215,'2016-02-02 08:44:21','2016-02-02 08:44:21'),(845,'Tedte x',132,215,'2016-02-02 08:45:14','2016-02-02 08:45:14'),(850,'Hello and welcome to Gigstr. Thank you for applying to this gig. We will shortly provide you with more info.',28,217,'2016-02-02 12:04:18','2016-02-02 12:04:18'),(860,'sdf sdfsdfsdf sdfsdf s',28,215,'2016-02-03 05:20:36','2016-02-03 05:20:36'),(861,'sdfsdfsd fsd fsdf sdf sdf sdf s',28,215,'2016-02-03 05:21:49','2016-02-03 05:21:49'),(864,'sdf sdf sdf sdf sdfs fsdf sd',28,215,'2016-02-03 05:30:02','2016-02-03 05:30:02'),(865,'sdfs dfsdfs fsdf sdfsdf sdfsdf',28,215,'2016-02-03 05:40:00','2016-02-03 05:40:00'),(866,'dsaaaaaaaaa',28,215,'2016-02-03 05:43:53','2016-02-03 05:43:53'),(867,'Hi Ramesh this is a chat message',28,215,'2016-02-03 05:54:22','2016-02-03 05:54:22'),(868,'message inside app',28,215,'2016-02-03 05:55:21','2016-02-03 05:55:21'),(869,'dsfsdf sd fsd fsdf sdf sd',28,215,'2016-02-03 06:00:11','2016-02-03 06:00:11'),(870,'this is a message',28,215,'2016-02-03 06:01:24','2016-02-03 06:01:24'),(871,'Hej ',54,205,'2016-02-04 07:12:18','2016-02-04 07:12:18'),(872,'Hej ',54,205,'2016-02-04 07:12:19','2016-02-04 07:12:19'),(873,'Hej',54,205,'2016-02-04 07:12:26','2016-02-04 07:12:26'),(874,'Hej',54,205,'2016-02-04 07:12:26','2016-02-04 07:12:26'),(876,'Hej',54,198,'2016-02-04 08:06:36','2016-02-04 08:06:36'),(877,'Hi',54,198,'2016-02-04 08:09:30','2016-02-04 08:09:30'),(879,'Hugh',54,153,'2016-02-04 08:11:42','2016-02-04 08:11:42'),(880,'hi',28,217,'2016-02-04 14:51:52','2016-02-04 14:51:52'),(909,'Hello and welcome to Gigstr. Thank you for applying to this gig. We will shortly provide you with more info.',28,220,'2016-02-05 08:56:17','2016-02-05 08:56:17'),(910,'Hello and welcome to Gigstr. Thank you for applying to this gig. We will shortly provide you with more info.',28,221,'2016-02-05 12:10:21','2016-02-05 12:10:21'),(911,'hi<br>Chapa',28,221,'2016-02-05 12:10:59','2016-02-05 12:10:59'),(912,'Hi',50,69,'2016-02-05 12:14:42','2016-02-05 12:14:42'),(913,'hi<br>',28,221,'2016-02-05 12:15:59','2016-02-05 12:15:59'),(914,'Hello and welcome to Gigstr. Thank you for applying to this gig. We will shortly provide you with more info.',28,222,'2016-02-07 12:45:43','2016-02-07 12:45:43'),(915,'Hello and welcome to Gigstr. Thank you for applying to this gig. We will shortly provide you with more info.',28,223,'2016-02-08 06:28:02','2016-02-08 06:28:02'),(916,'Hello and welcome to Gigstr. Thank you for applying to this gig. We will shortly provide you with more info.',28,224,'2016-02-08 10:17:37','2016-02-08 10:17:37'),(917,'Ggggg',140,224,'2016-02-08 10:17:47','2016-02-08 10:17:47'),(918,'Hello and welcome to Gigstr. Thank you for applying to this gig. We will shortly provide you with more info.',28,225,'2016-02-08 10:40:43','2016-02-08 10:40:43'),(919,'test',28,225,'2016-02-16 04:48:28','2016-02-16 04:48:28'),(920,'test',28,224,'2016-02-16 04:48:50','2016-02-16 04:48:50'),(921,'lol',28,224,'2016-02-16 04:48:57','2016-02-16 04:48:57'),(922,'sdfsdfsdfsf',28,225,'2016-02-16 05:17:21','2016-02-16 05:17:21'),(923,'test',28,224,'2016-02-16 06:08:42','2016-02-16 06:08:42'),(924,'test',28,224,'2016-02-16 06:08:56','2016-02-16 06:08:56'),(925,'test',28,224,'2016-02-16 06:08:58','2016-02-16 06:08:58'),(926,'abc',28,224,'2016-02-16 06:09:10','2016-02-16 06:09:10'),(927,'Hi<br>',28,221,'2016-02-16 06:52:28','2016-02-16 06:52:28'),(928,'Chapa',28,221,'2016-02-16 06:52:36','2016-02-16 06:52:36'),(929,'Chapa',28,221,'2016-02-16 06:52:56','2016-02-16 06:52:56'),(930,'hi',28,212,'2016-02-16 07:59:49','2016-02-16 07:59:49'),(931,'sdfsdfsdfsd',28,223,'2016-02-16 08:07:41','2016-02-16 08:07:41'),(932,'sfsfsfsfsf',28,223,'2016-02-16 08:08:11','2016-02-16 08:08:11'),(933,'sdfsdfdsfds',28,223,'2016-02-16 08:09:44','2016-02-16 08:09:44'),(934,'Hello and welcome to Gigstr. Thank you for applying to this gig. We will shortly provide you with more info.',28,226,'2016-02-16 08:28:32','2016-02-16 08:28:32'),(935,'Hej',142,226,'2016-02-16 08:28:37','2016-02-16 08:28:37'),(936,'Hi Daniel',28,226,'2016-02-16 08:28:50','2016-02-16 08:28:50'),(937,'Cool',28,226,'2016-02-16 08:29:02','2016-02-16 08:29:02'),(938,'Hello and welcome to Gigstr. Thank you for applying to this gig. We will shortly provide you with more info.',28,227,'2016-02-17 03:53:40','2016-02-17 03:53:40'),(939,'Hi',143,227,'2016-02-17 03:53:55','2016-02-17 03:53:55'),(940,'sdfs sdfsf sfsd ',28,224,'2016-02-17 11:23:39','2016-02-17 11:23:39'),(941,'Hello and welcome to Gigstr. Thank you for applying to this gig. We will shortly provide you with more info.',28,228,'2016-03-18 14:53:28','2016-03-18 14:53:28'),(942,'Hello and welcome to Gigstr. Thank you for applying to this gig. We will shortly provide you with more info.',28,229,'2016-03-19 10:04:24','2016-03-19 10:04:24'),(943,'Hello and welcome to Gigstr. Thank you for applying to this gig. We will shortly provide you with more info.',28,230,'2016-03-19 15:08:30','2016-03-19 15:08:30'),(944,'Hello and welcome to Gigstr. Thank you for applying to this gig. We will shortly provide you with more info.',28,231,'2016-03-19 15:08:47','2016-03-19 15:08:47'),(945,'Hello and welcome to Gigstr. Thank you for applying to this gig. We will shortly provide you with more info.',28,232,'2016-03-19 15:09:28','2016-03-19 15:09:28'),(946,'Hello and welcome to Gigstr. Thank you for applying to this gig. We will shortly provide you with more info.',28,233,'2016-03-19 15:58:44','2016-03-19 15:58:44'),(947,'Hello and welcome to Gigstr. Thank you for applying to this gig. We will shortly provide you with more info.',28,234,'2016-03-19 16:00:16','2016-03-19 16:00:16'),(948,'Hello and welcome to Gigstr. Thank you for applying to this gig. We will shortly provide you with more info.',28,235,'2016-03-19 16:01:03','2016-03-19 16:01:03'),(949,'Hello and welcome to Gigstr. Thank you for applying to this gig. We will shortly provide you with more info.',28,236,'2016-03-19 16:14:12','2016-03-19 16:14:12'),(950,'Hello and welcome to Gigstr. Thank you for applying to this gig. We will shortly provide you with more info.',28,237,'2016-03-19 16:14:38','2016-03-19 16:14:38'),(951,'Hello and welcome to Gigstr. Thank you for applying to this gig. We will shortly provide you with more info.',28,238,'2016-03-19 17:12:30','2016-03-19 17:12:30'),(952,'Hello and welcome to Gigstr. Thank you for applying to this gig. We will shortly provide you with more info.',28,239,'2016-03-19 18:48:40','2016-03-19 18:48:40'),(953,'Hello and welcome to Gigstr. Thank you for applying to this gig. We will shortly provide you with more info.',28,240,'2016-03-19 18:49:31','2016-03-19 18:49:31'),(954,'Hello and welcome to Gigstr. Thank you for applying to this gig. We will shortly provide you with more info.',28,241,'2016-03-21 07:13:09','2016-03-21 07:13:09'),(955,'Hi',147,237,'2016-03-21 08:03:04','2016-03-21 08:03:04'),(956,'överhuvudtaget<br>',28,241,'2016-03-21 08:25:08','2016-03-21 08:25:08'),(957,'hej!<br>',28,241,'2016-03-21 08:25:36','2016-03-21 08:25:36'),(958,'L\\366l\\366',62,241,'2016-03-21 08:26:19','2016-03-21 08:26:19'),(959,'\\305\\344\\366',142,240,'2016-03-21 09:48:49','2016-03-21 09:48:49'),(960,'L\\366k',142,240,'2016-03-21 09:48:53','2016-03-21 09:48:53'),(961,'L\\366\\366\\366\\366\\366l',62,241,'2016-03-21 10:06:57','2016-03-21 10:06:57'),(962,'öööö<br>',28,241,'2016-03-21 10:07:29','2016-03-21 10:07:29'),(963,'\\ud83d\\ude0e',62,241,'2016-03-21 10:07:44','2016-03-21 10:07:44'),(964,'G\\366ran',62,241,'2016-03-21 10:08:07','2016-03-21 10:08:07'),(965,'Test<br>',28,241,'2016-03-21 10:09:39','2016-03-21 10:09:39'),(966,'Hej',28,240,'2016-03-21 10:10:58','2016-03-21 10:10:58'),(967,'Läget?',28,240,'2016-03-21 10:11:14','2016-03-21 10:11:14'),(968,'hej!',28,241,'2016-03-21 10:11:51','2016-03-21 10:11:51'),(969,'Hello and welcome to Gigstr. Thank you for applying to this gig. We will shortly provide you with more info.',28,242,'2016-03-21 10:17:57','2016-03-21 10:17:57'),(970,'Hello and welcome to Gigstr. Thank you for applying to this gig. We will shortly provide you with more info.',28,243,'2016-03-21 14:47:03','2016-03-21 14:47:03'),(971,'G',142,243,'2016-03-21 14:48:09','2016-03-21 14:48:09'),(972,'Sed',142,243,'2016-03-21 14:48:11','2016-03-21 14:48:11'),(973,'Hello',143,227,'2016-03-24 05:48:40','2016-03-24 05:48:40'),(974,'\\ud83d\\ude00',143,227,'2016-03-24 05:54:24','2016-03-24 05:54:24'),(975,'\\ud83d\\ude14 please God help me to fix this',143,227,'2016-03-24 06:37:05','2016-03-24 06:37:05'),(976,'\"\\ud83d\\ude0e\"',143,227,'2016-03-24 06:43:47','2016-03-24 06:43:47'),(977,'\\305\\304\\326',143,227,'2016-03-24 07:02:16','2016-03-24 07:02:16'),(978,'\\305',143,227,'2016-03-24 07:06:18','2016-03-24 07:06:18'),(979,'A',143,227,'2016-03-24 07:07:15','2016-03-24 07:07:15'),(980,'\\305',143,227,'2016-03-24 07:09:33','2016-03-24 07:09:33'),(981,'\\304',143,227,'2016-03-24 07:09:43','2016-03-24 07:09:43'),(982,'\\326',143,227,'2016-03-24 07:09:50','2016-03-24 07:09:50'),(983,'Hello and welcome to Gigstr. Thank you for applying to this gig. We will shortly provide you with more info.',28,244,'2016-03-24 07:29:44','2016-03-24 07:29:44'),(984,'Hi',148,244,'2016-03-24 07:29:56','2016-03-24 07:29:56'),(985,'Awesome',148,244,'2016-03-24 07:31:50','2016-03-24 07:31:50'),(986,'\\305',148,244,'2016-03-24 07:32:14','2016-03-24 07:32:14'),(987,'\\305\\304\\326',148,244,'2016-03-24 07:32:57','2016-03-24 07:32:57'),(988,'\\ud83d\\ude00',148,244,'2016-03-24 07:33:39','2016-03-24 07:33:39'),(989,'\\ud83d\\ude04 im happy',148,244,'2016-03-24 07:33:50','2016-03-24 07:33:50'),(990,'\\304 worked!!',148,244,'2016-03-24 07:34:26','2016-03-24 07:34:26'),(991,'Hello and welcome to Gigstr. Thank you for applying to this gig. We will shortly provide you with more info.',28,245,'2016-03-24 11:34:29','2016-03-24 11:34:29'),(992,'\\305\\344\\366',142,245,'2016-03-24 21:48:04','2016-03-24 21:48:04'),(993,'\\ud83d\\ude00',142,245,'2016-03-24 22:12:12','2016-03-24 22:12:12'),(994,'Hello and welcome to Gigstr. Thank you for applying to this gig. We will shortly provide you with more info.',28,246,'2016-03-24 22:39:58','2016-03-24 22:39:58'),(995,'\\305',36,133,'2016-03-25 07:25:53','2016-03-25 07:25:53'),(996,'\\326',36,133,'2016-03-25 07:26:25','2016-03-25 07:26:25'),(997,'\\304',36,133,'2016-03-25 07:26:34','2016-03-25 07:26:34'),(998,'\\366',36,133,'2016-03-25 07:26:38','2016-03-25 07:26:38'),(999,'\\344',36,133,'2016-03-25 07:26:47','2016-03-25 07:26:47'),(1000,':-)',36,133,'2016-03-25 07:32:24','2016-03-25 07:32:24'),(1001,'L\\344get',142,246,'2016-03-25 08:12:24','2016-03-25 08:12:24'),(1002,'\\305\\344\\366',142,246,'2016-03-25 08:12:41','2016-03-25 08:12:41'),(1003,'Hej \\366l',142,246,'2016-03-25 08:13:17','2016-03-25 08:13:17'),(1004,'\\305',36,133,'2016-03-25 08:37:43','2016-03-25 08:37:43'),(1005,'\\326',36,133,'2016-03-25 08:41:28','2016-03-25 08:41:28'),(1006,'\\304',36,133,'2016-03-25 08:41:47','2016-03-25 08:41:47'),(1007,':-D',36,133,'2016-03-25 08:42:19','2016-03-25 08:42:19'),(1008,'dacasdv',28,133,'2016-03-25 08:42:40','2016-03-25 08:42:40'),(1009,' \\326 \\345 \\344',36,133,'2016-03-25 08:42:52','2016-03-25 08:42:52'),(1010,'\\326 \\304 \\305',36,133,'2016-03-25 08:43:27','2016-03-25 08:43:27'),(1011,'\\366 \\344 \\345',36,133,'2016-03-25 08:43:48','2016-03-25 08:43:48'),(1012,'Fight fjb',36,133,'2016-03-25 08:44:33','2016-03-25 08:44:33'),(1013,'\\305 guhv',36,80,'2016-03-25 08:59:38','2016-03-25 08:59:38'),(1014,'Gjb',36,80,'2016-03-25 09:00:40','2016-03-25 09:00:40'),(1015,'\\304',36,80,'2016-03-25 09:00:57','2016-03-25 09:00:57'),(1016,'Fjb tuv',36,80,'2016-03-25 09:01:07','2016-03-25 09:01:07'),(1017,'\\345',36,80,'2016-03-25 09:01:26','2016-03-25 09:01:26'),(1018,'\\366',36,80,'2016-03-25 09:01:56','2016-03-25 09:01:56'),(1019,'\\344',36,80,'2016-03-25 09:02:23','2016-03-25 09:02:23'),(1020,'\\326\\344\\345',36,133,'2016-03-25 09:12:25','2016-03-25 09:12:25'),(1021,'\\305\\344\\366',36,133,'2016-03-25 09:12:43','2016-03-25 09:12:43'),(1022,'\\304\\366\\345',36,133,'2016-03-25 09:13:29','2016-03-25 09:13:29'),(1023,'Jag fjb',36,133,'2016-03-25 09:13:52','2016-03-25 09:13:52'),(1024,'\\304\\366\\345',36,133,'2016-03-25 09:14:09','2016-03-25 09:14:09'),(1025,'Fejk XVI \\366 gj\\344hj\\345',36,133,'2016-03-25 09:15:13','2016-03-25 09:15:13'),(1026,'\\326\\344\\345',36,133,'2016-03-25 09:15:23','2016-03-25 09:15:23'),(1027,'\\304\\366\\345',36,133,'2016-03-25 09:15:29','2016-03-25 09:15:29'),(1028,'\\326\\344\\345',36,133,'2016-03-25 09:15:35','2016-03-25 09:15:35'),(1029,'\\305\\344\\366',36,133,'2016-03-25 09:15:39','2016-03-25 09:15:39'),(1030,'Hgcgkbc',142,228,'2016-03-25 10:56:47','2016-03-25 10:56:47'),(1031,'Hello and welcome to Gigstr. Thank you for applying to this gig. We will shortly provide you with more info.',28,247,'2016-03-25 11:03:23','2016-03-25 11:03:23'),(1032,'Xhanaja',152,247,'2016-03-25 11:03:29','2016-03-25 11:03:29'),(1033,'\\305\\344\\366',152,247,'2016-03-25 11:11:15','2016-03-25 11:11:15'),(1034,'ÅÄÖ',28,247,'2016-03-25 11:13:32','2016-03-25 11:13:32'),(1035,'Hello and welcome to Gigstr. Thank you for applying to this gig. We will shortly provide you with more info.',28,248,'2016-03-25 11:22:39','2016-03-25 11:22:39'),(1036,'\\305\\344\\366djsjs',152,248,'2016-03-25 11:22:44','2016-03-25 11:22:44'),(1037,'åäö!',28,248,'2016-03-25 11:24:03','2016-03-25 11:24:03'),(1038,'ÅÄÖ :);',28,228,'2016-03-25 11:33:56','2016-03-25 11:33:56'),(1039,':)',28,228,'2016-03-25 12:12:21','2016-03-25 12:12:21'),(1040,'\\345\\344\\366',142,228,'2016-03-25 12:12:51','2016-03-25 12:12:51'),(1041,'\\305\\304\\326',142,228,'2016-03-25 12:12:57','2016-03-25 12:12:57'),(1042,'L\\366k \\344r \\345l',142,228,'2016-03-25 12:13:20','2016-03-25 12:13:20'),(1043,'Hej \\ud83d\\ude00',142,228,'2016-03-25 12:13:35','2016-03-25 12:13:35'),(1044,'\\305\\344\\366',142,246,'2016-03-25 14:35:55','2016-03-25 14:35:55'),(1045,'Hej',28,246,'2016-03-25 14:37:11','2016-03-25 14:37:11'),(1046,'ÅÄÖ',28,246,'2016-03-25 14:37:39','2016-03-25 14:37:39'),(1047,'Hejsan<br>ddd<br>ddd',28,246,'2016-03-25 14:38:12','2016-03-25 14:38:12'),(1048,'\\305\\344\\366 \\ud83e\\udd14\\ud83d\\ude1f\\ud83d\\udc25\\ud83d\\ude04\\ud83d\\udc68\\u200d\\u2764\\ufe0f\\u200d\\ud83d\\udc68',142,246,'2016-03-25 14:39:03','2016-03-25 14:39:03'),(1049,'Hello and welcome to Gigstr. Thank you for applying to this gig. We will shortly provide you with more info.',28,249,'2016-03-25 16:25:13','2016-03-25 16:25:13'),(1050,'Hello and welcome to Gigstr. Thank you for applying to this gig. We will shortly provide you with more info.',28,250,'2016-03-25 16:27:11','2016-03-25 16:27:11'),(1051,'Hello and welcome to Gigstr. Thank you for applying to this gig. We will shortly provide you with more info.',28,251,'2016-03-25 16:38:52','2016-03-25 16:38:52');
/*!40000 ALTER TABLE `message` ENABLE KEYS */;
UNLOCK TABLES;

--
-- Table structure for table `push_queue`
--

DROP TABLE IF EXISTS `push_queue`;
/*!40101 SET @saved_cs_client     = @@character_set_client */;
/*!40101 SET character_set_client = utf8 */;
CREATE TABLE `push_queue` (
  `id` int(11) NOT NULL AUTO_INCREMENT,
  `param` varchar(100) DEFAULT NULL,
  `payload` varchar(256) NOT NULL,
  `type` char(1) NOT NULL DEFAULT '1' COMMENT '1 - gig, 2 - chat',
  `created` datetime NOT NULL,
  `modified_ios` datetime DEFAULT NULL,
  `modified_and` datetime DEFAULT NULL,
  PRIMARY KEY (`id`)
) ENGINE=InnoDB AUTO_INCREMENT=48 DEFAULT CHARSET=latin1;
/*!40101 SET character_set_client = @saved_cs_client */;

--
-- Dumping data for table `push_queue`
--

LOCK TABLES `push_queue` WRITE;
/*!40000 ALTER TABLE `push_queue` DISABLE KEYS */;
INSERT INTO `push_queue` VALUES (1,'{\"gig_id\":\"43\"}','sdfsdfsdfsdf sdf sdf sdf sd','1','2016-02-03 05:35:19','2016-02-03 05:35:22','2016-02-03 05:35:48'),(2,'{\"chat_id\":\"215\", \"user_id\":\"132\"}','You have a new chat message from Gigstr.','2','2016-02-03 05:40:00','2016-02-03 05:40:12','2016-02-03 05:40:12'),(3,'{\"chat_id\":\"215\", \"user_id\":\"132\"}','You have a new chat message from Gigstr.','2','2016-02-03 05:43:53','2016-02-03 05:43:55','2016-02-03 05:43:55'),(4,'{\"chat_id\":\"215\", \"user_id\":\"132\"}','You have a new chat message from Gigstr.','2','2016-02-03 05:54:22','2016-02-03 05:54:36','2016-02-03 05:54:36'),(5,'{\"chat_id\":\"215\", \"user_id\":\"132\"}','You have a new chat message from Gigstr.','2','2016-02-03 05:55:21','2016-02-03 05:55:30','2016-02-03 05:55:30'),(6,'{\"chat_id\":\"215\", \"user_id\":\"132\"}','You have a new chat message from Gigstr.','2','2016-02-03 06:00:11','2016-02-03 06:00:16','2016-02-03 06:00:16'),(7,'{\"chat_id\":\"215\", \"user_id\":\"132\"}','You have a new chat message from Gigstr.','2','2016-02-03 06:01:24','2016-02-03 06:01:27','2016-02-03 06:01:27'),(8,'{\"chat_id\":\"217\", \"user_id\":\"62\"}','You have a new chat message from Gigstr.','2','2016-02-04 14:51:52','2016-02-16 05:16:50','2016-02-16 05:16:50'),(9,'{\"gig_id\":\"73\"}','Push test','1','2016-02-05 12:08:54','2016-02-16 05:16:50','2016-02-16 05:17:02'),(10,'{\"chat_id\":\"221\", \"user_id\":\"50\"}','You have a new chat message from Gigstr.','2','2016-02-05 12:10:59','2016-02-16 05:17:02','2016-02-16 05:17:02'),(11,'{\"chat_id\":\"221\", \"user_id\":\"50\"}','You have a new chat message from Gigstr.','2','2016-02-05 12:15:59','2016-02-16 05:18:02','2016-02-16 05:18:02'),(12,'{\"chat_id\":\"225\", \"user_id\":\"140\"}','You have a new chat message from Gigstr.','2','2016-02-16 04:48:28','2016-02-16 05:16:50','2016-02-16 05:16:50'),(13,'{\"chat_id\":\"224\", \"user_id\":\"140\"}','You have a new chat message from Gigstr.','2','2016-02-16 04:48:50','2016-02-16 05:16:50','2016-02-16 05:16:50'),(14,'{\"chat_id\":\"224\", \"user_id\":\"140\"}','You have a new chat message from Gigstr.','2','2016-02-16 04:48:57','2016-02-16 05:16:50','2016-02-16 05:16:50'),(15,'{\"chat_id\":\"225\", \"user_id\":\"140\"}','You have a new chat message from Gigstr.','2','2016-02-16 05:17:21','2016-02-16 05:17:25','2016-02-16 05:17:25'),(16,'{\"chat_id\":\"224\", \"user_id\":\"140\"}','You have a new chat message from Gigstr.','2','2016-02-16 06:08:42','2016-02-16 06:08:42','2016-02-16 06:08:42'),(17,'{\"chat_id\":\"224\", \"user_id\":\"140\"}','You have a new chat message from Gigstr.','2','2016-02-16 06:08:56','2016-02-16 06:08:57','2016-02-16 06:08:57'),(18,'{\"chat_id\":\"224\", \"user_id\":\"140\"}','You have a new chat message from Gigstr.','2','2016-02-16 06:08:58','2016-02-16 06:08:58','2016-02-16 06:08:58'),(19,'{\"chat_id\":\"224\", \"user_id\":\"140\"}','You have a new chat message from Gigstr.','2','2016-02-16 06:09:10','2016-02-16 06:09:12','2016-02-16 06:09:12'),(20,'{\"chat_id\":\"221\", \"user_id\":\"50\"}','You have a new chat message from Gigstr.','2','2016-02-16 06:52:28','2016-02-16 06:52:28','2016-02-16 06:52:28'),(21,'{\"chat_id\":\"221\", \"user_id\":\"50\"}','You have a new chat message from Gigstr.','2','2016-02-16 06:52:36','2016-02-16 06:52:36','2016-02-16 06:52:36'),(22,'{\"chat_id\":\"221\", \"user_id\":\"50\"}','You have a new chat message from Gigstr.','2','2016-02-16 06:52:56','2016-02-16 06:52:56','2016-02-16 06:52:56'),(23,'{\"chat_id\":\"212\", \"user_id\":\"129\"}','You have a new chat message from Gigstr.','2','2016-02-16 07:59:49',NULL,NULL),(24,'{\"chat_id\":\"223\", \"user_id\":\"141\"}','You have a new chat message from Gigstr.','2','2016-02-16 08:07:41','2016-02-16 08:07:41','2016-02-16 08:07:41'),(25,'{\"chat_id\":\"223\", \"user_id\":\"141\"}','You have a new chat message from Gigstr.','2','2016-02-16 08:08:11','2016-02-16 08:08:11','2016-02-16 08:08:11'),(26,'{\"chat_id\":\"223\", \"user_id\":\"141\"}','You have a new chat message from Gigstr.','2','2016-02-16 08:09:44','2016-02-16 08:09:46','2016-02-16 08:09:46'),(27,'{\"chat_id\":\"226\", \"user_id\":\"142\"}','You have a new chat message from Gigstr.','2','2016-02-16 08:28:50','2016-02-16 08:28:52','2016-02-16 08:28:52'),(28,'{\"chat_id\":\"226\", \"user_id\":\"142\"}','You have a new chat message from Gigstr.','2','2016-02-16 08:29:02','2016-02-16 08:29:02','2016-02-16 08:29:02'),(29,'{\"gig_id\":\"67\"}','sdfsdfsdfsdfs sdf sdfsdf','1','2016-02-17 09:31:11','2016-02-17 09:31:12','2016-02-17 09:32:02'),(30,'{\"gig_id\":\"67\"}','sdfsdfsdfsd sdf sd','1','2016-02-17 11:21:14','2016-02-17 11:21:16','2016-02-17 11:22:02'),(31,'{\"gig_id\":\"67\"}','sdfsdfsdfs sd sdf sd fsd','1','2016-02-17 11:23:03','2016-02-17 11:23:06','2016-02-17 11:24:02'),(32,'{\"chat_id\":\"224\", \"user_id\":\"140\"}','You have a new chat message from Gigstr.','2','2016-02-17 11:23:39','2016-02-17 11:23:41','2016-02-17 11:23:41'),(33,'{\"chat_id\":\"241\", \"user_id\":\"62\"}','You have a new chat message from Gigstr.','2','2016-03-21 08:25:08','2016-03-21 10:47:02','2016-03-21 10:47:02'),(34,'{\"chat_id\":\"241\", \"user_id\":\"62\"}','You have a new chat message from Gigstr.','2','2016-03-21 08:25:36','2016-03-21 10:47:03','2016-03-21 10:47:03'),(35,'{\"chat_id\":\"241\", \"user_id\":\"62\"}','You have a new chat message from Gigstr.','2','2016-03-21 10:07:29','2016-03-21 10:47:03','2016-03-21 10:47:03'),(36,'{\"chat_id\":\"241\", \"user_id\":\"62\"}','You have a new chat message from Gigstr.','2','2016-03-21 10:09:39','2016-03-21 10:47:03','2016-03-21 10:47:03'),(37,'{\"chat_id\":\"240\", \"user_id\":\"142\"}','You have a new chat message from Gigstr.','2','2016-03-21 10:10:58','2016-03-21 10:47:03','2016-03-21 10:47:03'),(38,'{\"chat_id\":\"240\", \"user_id\":\"142\"}','You have a new chat message from Gigstr.','2','2016-03-21 10:11:14','2016-03-21 10:47:03','2016-03-21 10:47:03'),(39,'{\"chat_id\":\"241\", \"user_id\":\"62\"}','You have a new chat message from Gigstr.','2','2016-03-21 10:11:51','2016-03-21 10:47:03','2016-03-21 10:47:03'),(40,'{\"chat_id\":\"133\", \"user_id\":\"36\"}','You have a new chat message from Gigstr.','2','2016-03-25 08:42:40','2016-03-25 12:24:03','2016-03-25 12:24:03'),(41,'{\"chat_id\":\"247\", \"user_id\":\"152\"}','You have a new chat message from Gigstr.','2','2016-03-25 11:13:32','2016-03-25 12:24:03','2016-03-25 12:24:03'),(42,'{\"chat_id\":\"248\", \"user_id\":\"152\"}','You have a new chat message from Gigstr.','2','2016-03-25 11:24:03','2016-03-25 12:24:03','2016-03-25 12:24:03'),(43,'{\"chat_id\":\"228\", \"user_id\":\"142\"}','You have a new chat message from Gigstr.','2','2016-03-25 11:33:56','2016-03-25 12:24:03','2016-03-25 12:24:03'),(44,'{\"chat_id\":\"228\", \"user_id\":\"142\"}','You have a new chat message from Gigstr.','2','2016-03-25 12:12:21','2016-03-25 12:24:03','2016-03-25 12:24:03'),(45,'{\"chat_id\":\"246\", \"user_id\":\"142\"}','You have a new chat message from Gigstr.','2','2016-03-25 14:37:11','2016-03-25 14:40:02','2016-03-25 14:40:02'),(46,'{\"chat_id\":\"246\", \"user_id\":\"142\"}','You have a new chat message from Gigstr.','2','2016-03-25 14:37:39','2016-03-25 14:40:02','2016-03-25 14:40:02'),(47,'{\"chat_id\":\"246\", \"user_id\":\"142\"}','You have a new chat message from Gigstr.','2','2016-03-25 14:38:12','2016-03-25 14:40:02','2016-03-25 14:40:02');
/*!40000 ALTER TABLE `push_queue` ENABLE KEYS */;
UNLOCK TABLES;

--
-- Table structure for table `resetemail`
--

DROP TABLE IF EXISTS `resetemail`;
/*!40101 SET @saved_cs_client     = @@character_set_client */;
/*!40101 SET character_set_client = utf8 */;
CREATE TABLE `resetemail` (
  `id` int(11) NOT NULL AUTO_INCREMENT,
  `email` varchar(255) NOT NULL,
  `token` varchar(255) NOT NULL,
  `status` char(1) NOT NULL DEFAULT '0' COMMENT '0 - not used, 1 - used',
  `created` datetime NOT NULL,
  PRIMARY KEY (`id`)
) ENGINE=InnoDB AUTO_INCREMENT=44 DEFAULT CHARSET=latin1;
/*!40101 SET character_set_client = @saved_cs_client */;

--
-- Dumping data for table `resetemail`
--

LOCK TABLES `resetemail` WRITE;
/*!40000 ALTER TABLE `resetemail` DISABLE KEYS */;
INSERT INTO `resetemail` VALUES (1,'sudharshan.ars@gmail.com','$2y$10$AJddUVQPa..qpP8rVHtyoO06E4vFXGB8j7tsSsquOUlornwnEsnOW','0','2015-11-26 05:01:37'),(2,'sudharshan.ars@gmail.com','$2y$10$XewGzBswXeKWLAXqHrlg1u00lPQYgKWB0RkAOg3BMEScp2HICe/7W','0','2015-11-26 05:03:44'),(3,'lundberg.anton@gmail.com','$2y$10$6598xteHkcBOqdM2HuRfFeABNHPydldTi.ThTyRvmwZ96lbhIDF4m','1','2015-12-15 14:21:54'),(4,'harshana2004@gmail.com','$2y$10$dw6kP33Q/4vwzHP66X609uZaI2wkuIkgtENMmH0nyd.71ka7YZOyy','1','2015-12-17 05:27:48'),(5,'harshana2004@gmail.com','$2y$10$MUJE238bKlMhPmoZGMl38Olsa2620EjyMfqIrAwPJ44H9dmHYrqzu','1','2015-12-17 13:39:32'),(6,'harshana2004@gmail.com','$2y$10$ybVBq4mOQInw8XP.zt.uOucJmiWDUZgLUgnNcNWoFNXP3vyikkwWC','1','2015-12-17 15:26:45'),(7,'harshana2004@gmail.com','$2y$10$8yPL0ykOfybyfcD7tyP0n.CLgzSe81loV1M/u1dnl75o7G8IqK8j2','1','2015-12-17 15:28:42'),(8,'harshana2004@gmail.com','$2y$10$tLeJ3Uu7yv461kYnaNrKTuDVcWSqZ3WqIvyQJmOF5goHcH3x5YECi','0','2015-12-17 18:18:05'),(9,'harshana2004@gmail.com','$2y$10$16/aev1Wup5tMsk32ykMueMhao9LlfbolU5/gwlPBSPmGp9kNzaHe','0','2015-12-17 18:18:44'),(10,'damithau@mailinator.com','$2y$10$Wrtf.uP9Y4fQh3iH5TurjuxxwYEuYkHjTtcXSCAfdew1uVhDy6Yl6','0','2015-12-17 18:46:38'),(11,'damithau@mailinator.com','$2y$10$bZ2NM7OpwXwX7q8ZIWW7U.QgAXjmTrPNspyEQC1RZf7YsZwsqutgW','0','2015-12-17 18:46:43'),(12,'damithau@mailinator.com','$2y$10$FC41XgCk0q2jcxqCKVkI.eoqxH1oDuIA2gETCnYiCeE85qnvI5OCu','1','2015-12-17 18:46:49'),(13,'damithau@mailinator.com','$2y$10$QkzV.leVgUDcDo783dM3t.FDzO3Pkx42esMufS3fuWTqQi3nkeCCa','1','2015-12-17 19:27:48'),(14,'sudharshan@ceylonit.com','$2y$10$.lFgbAfH7KWkwCFGtWRs2exM8Lz2yCiEVT6vS0.8v26bS0ns9hLQy','1','2015-12-18 12:53:16'),(15,'sudharshan@ceylonit.com','$2y$10$E5VXw.uAExa/RzWqvFTbQeaVXkIXJ9Fjk.AEVRP3ZKw0gIP4b1GI6','1','2015-12-18 12:55:36'),(16,'lundberg.anton@gmail.com','$2y$10$xKIlyIBtmEZoQa8bWvOSsu3ufkZPOwWCLvd.TGppWb5YoPW3PXDCe','1','2015-12-19 12:32:48'),(17,'harshana2004@gmail.com','$2y$10$y4o4ivcjuqG/i7HCjkfYQO.sOBX6iZQHRMkZobmA53guVCreUW5ee','1','2015-12-22 16:32:11'),(18,'harshana2004@gmail.com','$2y$10$Q6TUiat40u.OfG18t8Q3Ce.qoau/XbZNSxmvU7ql1PCTfl5Dsq4yS','1','2015-12-22 16:43:46'),(19,'harshana2004@gmail.com','$2y$10$PYOP7vHNkcxTbMuShFVsUOAtON6.JaezDz2OpbzS/IR75k75akya2','1','2015-12-22 17:10:01'),(20,'harshana2004@gmail.com','$2y$10$8YYbjA/gpwLm5quhkOct1.vTqlb/1.FDbRB0SxB6/Htt6dIk782jW','1','2015-12-22 17:24:46'),(21,'harshana2004@gmail.com','$2y$10$h4p4Dfs45dUwJfz9ve1tl.Q7HZtENCma3P08P0ZcHjFh3h8NuzS4C','1','2015-12-23 02:35:59'),(22,'damithau@mailinator.com','$2y$10$99A8GvvzZdsFDtTDP4Sjuuovaq034wpu7AEUTkR9oIPUt10MwGZka','0','2016-01-11 18:04:59'),(23,'damithau@mailinator.com','$2y$10$R9Cc9ZLTaC0BoWn90zLG7eRftjr0bTxIRj2HmGPAStgxMgGYbVAhO','0','2016-01-11 18:06:26'),(24,'lundberg.anton@gmail.com','$2y$10$mXcKICoBfxzl1kTfTydw9uP0nomJDN7zSPHRQ/uU9N2D3W3AbNXpa','0','2016-01-13 20:08:08'),(25,'anton.lundberg@codebuilders.se','$2y$10$NtbItz4e6EZwv/0E3Zo/gOP4dql77V.gCGZh0bS47SjtphOhzfOHu','0','2016-01-13 20:12:01'),(26,'anton.lundberg@codebuilders.se','$2y$10$iyYkov3SPq/yVkZ6KvkObe132nSffvVRt.nr.Eo49xQE.4QFOKheK','0','2016-01-13 20:16:49'),(27,'anton.lundberg@codebuilders.se','$2y$10$VnhFA5YT6wWrPZ4y4fAQCuLyXgyRyJwg1lbOXrpyDgBK3/xmWmaQG','0','2016-01-13 21:16:24'),(28,'anton.lundberg@codebuilders.se','$2y$10$DjxENrmZ8a8FGO50pFvj..gCVU4s5W4exkWH.R/8l0bAv5j/b39.e','0','2016-01-14 11:56:31'),(29,'dleast@gmail.com','$2y$10$G8syNMamD9aCS.09Ix9Rr.G9KRE0.lbagTkpIHAT1pJW1CSUwUjNS','0','2016-01-18 18:46:21'),(30,'dev@codebuilders.se','$2y$10$cjkj9k0EToODwjJWhh59A.TCcWXau29IvG72x89HSMDHiuSLS9PaW','0','2016-01-18 18:59:24'),(31,'lundberg.anton@gmail.com','$2y$10$WojMsSXB786hzT8d1ib9U.0i3ShE.5SVoK1rP1Bfm6Udk.yIt7j4u','0','2016-01-18 23:15:59'),(32,'anton.lundberg@codebuilders.se','$2y$10$vYjmtcxN7upmOZKbe6sXrOlt1cvDiUKky7Qz5eYX0C.XSh5okrwZ2','0','2016-01-18 23:16:29'),(33,'ddd@gmail.com','$2y$10$hmyKHuwZepLn.HDer84UC.TMIn12BAzLmP4DcUFG1ZOafEvfUAmpG','0','2016-01-21 11:14:22'),(34,'chapa@ceylonit.com','$2y$10$ZF01wGDlO9hOgF.E8RYQNOERfZWGu3.SlZHI1Oww3xNwVUTjJHnl.','0','2016-01-21 15:06:55'),(35,'prathibhani@ceylonit.com','$2y$10$eYu0yBBC0oaI4zoNVxPA4.q.J5UKoGGaiaEBORB0yCed9.Sh5sjFG','0','2016-01-26 05:11:59'),(36,'prathibhani@ceylonit.com','$2y$10$JAxYQ5vjuUvgWEellqbOF.EDYEO/u2VnecmuGjfdYjV5SEx7KuL86','0','2016-01-26 05:18:09'),(37,'prathibhani@ceylonit.com','$2y$10$ulWCBoZYCBDWeO7k6kc4JepZNZOKXfP5i1hgiVuuv8/Dt2etix816','0','2016-01-26 05:18:33'),(38,'prathibhani@ceylonit.com','$2y$10$oX4sLTeyiuw.FX/wvY06MeuMUnrE1Y7tp9HDBMW1iSx2nOZ6b.npe','0','2016-01-26 05:20:27'),(39,'sudharshan@ceylonit.com','$2y$10$XPV.bo6PKhfaWTVymXQZruzojmEJr0.3HWDDPNIxwofn.4/pa4Tk6','0','2016-01-26 05:27:16'),(40,'prathibhani@ceylonit.com','$2y$10$350sIyy3iRaG3ledDRW1fujv5CJ12Wu1pK33W8KxAhqF1zIDwuOQO','0','2016-01-26 09:22:23'),(41,'prathibhani@ceylonit.com','$2y$10$g075GuYAhYNSHMssHrdv4OxS9j/02bUwRwfEKsABsH310w/FY56Gq','0','2016-01-26 14:16:04'),(42,'sudharshan@ceylonit.com','$2y$10$Fbb56yhcR7eGstpDtoyc4Oty/h3OEtyel9p.HAO9vL5BGiQ.Okbn.','0','2016-01-26 14:18:42'),(43,'prathibhani@ceylonit.com','$2y$10$xmZGH9intVHIqGODNPJQKeIfab9p.iuqXhC9kxxGSICIQPux4CBGu','1','2016-01-26 15:22:56');
/*!40000 ALTER TABLE `resetemail` ENABLE KEYS */;
UNLOCK TABLES;

--
-- Table structure for table `unread_message`
--

DROP TABLE IF EXISTS `unread_message`;
/*!40101 SET @saved_cs_client     = @@character_set_client */;
/*!40101 SET character_set_client = utf8 */;
CREATE TABLE `unread_message` (
  `id` int(11) NOT NULL AUTO_INCREMENT,
  `message_id` int(11) NOT NULL,
  `user_id` int(11) NOT NULL,
  PRIMARY KEY (`id`)
) ENGINE=InnoDB AUTO_INCREMENT=644 DEFAULT CHARSET=latin1;
/*!40101 SET character_set_client = @saved_cs_client */;

--
-- Dumping data for table `unread_message`
--

LOCK TABLES `unread_message` WRITE;
/*!40000 ALTER TABLE `unread_message` DISABLE KEYS */;
INSERT INTO `unread_message` VALUES (169,176,1),(185,192,1),(196,203,28),(197,204,28),(198,205,28),(202,209,28),(203,210,28),(212,219,56),(215,222,1),(218,225,28),(258,265,28),(259,266,28),(260,267,28),(261,268,28),(262,269,28),(263,270,28),(264,271,28),(265,272,28),(266,273,28),(267,274,28),(268,275,1),(269,276,28),(270,277,28),(303,310,28),(340,347,28),(350,357,28),(359,366,40),(366,373,79),(377,384,83),(388,395,84),(389,396,84),(392,399,87),(417,424,89),(430,452,28),(437,477,100),(438,478,28),(442,486,28),(443,488,28),(444,489,28),(446,491,28),(447,492,28),(449,500,28),(451,503,28),(454,506,78),(460,536,28),(461,537,28),(462,547,28),(464,556,28),(481,588,28),(482,589,28),(491,598,28),(492,599,28),(493,600,28),(497,604,28),(500,634,28),(502,640,28),(507,696,121),(510,699,123),(511,700,123),(512,701,123),(513,702,123),(514,703,123),(520,710,28),(523,714,28),(524,715,28),(525,717,40),(527,751,28),(532,756,28),(534,760,125),(535,761,128),(536,762,124),(538,764,28),(539,765,28),(540,766,28),(541,767,28),(542,768,28),(543,769,28),(547,786,28),(548,790,28),(549,791,28),(550,792,28),(551,793,28),(552,794,28),(553,795,28),(554,796,28),(555,797,28),(556,798,28),(557,799,28),(558,800,28),(559,801,28),(560,802,28),(561,803,28),(562,804,28),(564,806,28),(565,807,28),(566,808,28),(567,809,28),(568,811,28),(569,812,28),(570,813,28),(572,823,128),(573,824,95),(574,825,95),(577,828,123),(578,830,128),(589,846,28),(590,871,28),(591,872,28),(592,873,28),(593,874,28),(594,875,28),(595,876,28),(596,877,28),(598,879,28),(600,884,28),(601,885,28),(602,886,28),(607,892,28),(608,893,28),(609,894,28),(610,895,28),(611,896,28),(612,897,28),(613,898,28),(614,899,28),(617,912,28),(618,930,129),(624,940,140),(629,984,28),(630,985,28),(631,986,28),(632,987,28),(633,988,28),(634,989,28),(635,990,28);
/*!40000 ALTER TABLE `unread_message` ENABLE KEYS */;
UNLOCK TABLES;

--
-- Table structure for table `user`
--

DROP TABLE IF EXISTS `user`;
/*!40101 SET @saved_cs_client     = @@character_set_client */;
/*!40101 SET character_set_client = utf8 */;
CREATE TABLE `user` (
  `id` int(11) NOT NULL AUTO_INCREMENT,
  `user_type` char(1) NOT NULL DEFAULT '1' COMMENT '0 - admin, 1 - candidate',
  `name` varchar(255) NOT NULL,
  `email` varchar(255) DEFAULT NULL,
  `password` varchar(255) DEFAULT NULL,
  `fbid` varchar(255) DEFAULT NULL,
  `fbtoken` varchar(255) DEFAULT NULL,
  `token` varchar(255) DEFAULT NULL,
  `status` char(1) NOT NULL DEFAULT '1' COMMENT '1 - active, 2 - inactive',
  `device_token` varchar(255) DEFAULT NULL,
  `device_type` char(1) NOT NULL DEFAULT '1' COMMENT '1 - Android, 2 - iOS',
  `push_count` int(11) NOT NULL DEFAULT '0',
  `created` datetime NOT NULL,
  `modified` datetime NOT NULL,
  PRIMARY KEY (`id`)
) ENGINE=InnoDB AUTO_INCREMENT=158 DEFAULT CHARSET=latin1;
/*!40101 SET character_set_client = @saved_cs_client */;

--
-- Dumping data for table `user`
--

LOCK TABLES `user` WRITE;
/*!40000 ALTER TABLE `user` DISABLE KEYS */;
INSERT INTO `user` VALUES (1,'0','sudha','adasd@sddsf.com','e10adc3949ba59abbe56e057f20f883e',NULL,NULL,'$2y$10$ouQVG9OPteX/deZz9t75ruPXPst7DNVUKxaj8d1USNwJxBEKbK9uu','2',NULL,'1',0,'2015-11-11 08:28:51','2016-01-22 06:04:06'),(2,'0','sudha','sudharshan.ars9@gmail.com','e10adc3949ba59abbe56e057f20f883e',NULL,NULL,'$2y$10$ATPpqa35QTxI43Jz4qQcOeF2UAORJGXpWZT2X3V15HoMupzErlDZ6','1',NULL,'1',0,'2015-11-11 08:31:55','2015-11-11 08:31:55'),(3,'0','abc','abc@gmail.com','900150983cd24fb0d6963f7d28e17f72',NULL,NULL,'$2y$10$Y9nRtUDa4DtIG88OB.lS9eVVpbOBx1Go2VpQTkZi/MEztsaDSPPqG','1',NULL,'1',0,'2015-11-12 04:33:52','2015-11-12 04:33:52'),(4,'0','aaa','aaa@aaa.com','47bce5c74f589f4867dbd57e9ca9f808',NULL,NULL,'$2y$10$B8DXD/ufKzZpPldkt1cPg.6KuLoI2TT5wfYZ4AcuxGYNNr5.q1JUO','1',NULL,'1',0,'2015-11-12 04:34:27','2015-11-12 04:34:27'),(5,'0','aaa','aaa@gmail.com','47bce5c74f589f4867dbd57e9ca9f808',NULL,NULL,'$2y$10$p4meZWfwocWGn6IGtZ93supeJB66ByZdoqRS.WPZGFnE.bOFIsTWG','1',NULL,'1',0,'2015-11-12 04:49:53','2015-11-12 04:49:53'),(6,'0','aaa','aaa@sss.com','47bce5c74f589f4867dbd57e9ca9f808',NULL,NULL,'$2y$10$sQ1V6/poKukqO5awj2yNAeITOT.SiVvHL3IIwsU9NGqyN2g1dEuzq','1',NULL,'1',0,'2015-11-12 05:17:53','2015-11-12 05:17:53'),(7,'0','aaa','123@aaa.com','47bce5c74f589f4867dbd57e9ca9f808',NULL,NULL,'$2y$10$e77Iw92YTUv6wKXnid8akekbpP6bK3C0ViTX0TmhIA.QQkF9yOdW.','1',NULL,'1',0,'2015-11-12 05:18:50','2015-11-12 05:18:50'),(8,'0','aaa','aaa@aaa.net','99eb73df38d97583b431742ba8868314',NULL,NULL,'$2y$10$i3cnybxAGvaxND01Wd8GHuJY2tC7ZcCVsFBssyDkTaMeyLjTDPSlO','1',NULL,'1',0,'2015-11-12 05:20:27','2015-11-12 05:20:27'),(9,'0','aaa','235@aaa.com','47bce5c74f589f4867dbd57e9ca9f808',NULL,NULL,'$2y$10$MQx2iLIBaWAeJif/ifeOkOXtX.N3lELBEW42qssOxKIjAWQ0hkzPW','1',NULL,'1',0,'2015-11-12 05:23:02','2015-11-12 05:23:02'),(10,'0','axx','axx@gmail.com','47bce5c74f589f4867dbd57e9ca9f808',NULL,NULL,'$2y$10$aB7MiRGeKRiIb2xqiDlVje11CoS/2fWDixGazDwQc6DSfqgj7zP06','1',NULL,'1',0,'2015-11-12 05:30:54','2015-11-12 05:30:54'),(11,'0','aaa','222@aaa.com','47bce5c74f589f4867dbd57e9ca9f808',NULL,NULL,'$2y$10$ZzsvOZSMHDWLTs3AKLG.TOYqHmaHMgG/uFbxf0GXU1y1OBP1Z7LCW','1',NULL,'1',0,'2015-11-12 06:18:46','2015-11-12 06:18:46'),(12,'0','aaa','256@aaa.com','47bce5c74f589f4867dbd57e9ca9f808',NULL,NULL,'$2y$10$sOPw3bC5lx9DH/rdRsxsIu8p3Omuarjg/Mv8Zk14bzwQ8TGYYSQhK','1',NULL,'1',0,'2015-11-12 06:54:22','2015-11-12 06:54:22'),(13,'0','aaa','562@aaa.com','47bce5c74f589f4867dbd57e9ca9f808',NULL,NULL,'$2y$10$qHS6SEL.0vYyo.1ZffgyTOaqFHtgDl2y3K5ajV4B0EYaWKCgo9Dbe','1',NULL,'1',0,'2015-11-12 06:56:20','2015-11-12 06:56:20'),(14,'0','De Mel','ass@gmail.com','964d72e72d053d501f2949969849b96c',NULL,NULL,'$2y$10$0TnpPmR.lgXhcrtuhv/Bs.RleCztMPM0WBZndAgw6DBgjQm6DtgLG','1',NULL,'1',0,'2015-11-13 05:41:23','2015-11-13 05:41:23'),(17,'0','sudharshan','sudharshan.ars333@gmail.com','e10adc3949ba59abbe56e057f20f883e',NULL,NULL,'$2y$10$7tcYYQabbGTS/mHW1OZFXODqGuDqr.VmqIUFJJO8SIyrE04QH8j5W','1',NULL,'1',0,'2015-11-16 03:16:22','2015-11-16 03:16:22'),(18,'0','sudharshan','sudharshan.ars456@gmail.com','e10adc3949ba59abbe56e057f20f883e',NULL,NULL,'$2y$10$0yiEIoYFYMbtpQpebGymW.HDsu9nRNhJBUhnpVhYNAqRMavA6Bhx2','1',NULL,'1',0,'2015-11-16 03:18:45','2015-11-16 03:18:45'),(22,'0','Sudh','sudharshan.ars1@gmail.com','827ccb0eea8a706c4c34a16891f84e7b',NULL,NULL,'$2y$10$ckFQuB1ns/DH2T88nI3fdefYCmZ5ZFPqFzsOQQ/SgU4Y78bw6YSCO','2',NULL,'1',0,'2015-11-16 12:14:59','2016-01-22 06:25:51'),(23,'1','Sudha',NULL,'$2y$10$xYhq9/ZSc1AOx3xgxoG6oe5GIf32KlciQ/3neUK0ewzLG30LkoEoC',NULL,NULL,'$2y$10$eAqRqw3Qc1jLGqNlI3uGZOGuA7EcqTT9qRuZ96m1Ww14rrDHYWmuO','2',NULL,'1',0,'2015-11-16 17:35:24','2016-01-22 06:25:40'),(24,'1','Sudha',NULL,'$2y$10$aENDTVtV93f9eApatrpr4OgVMhzEp3Jh6o5QRm1gA2YV0Q4p0KHkK','$2y$10$n1XQdqdj6AkSm5gO9OCzneJ5gedPy49tn2XXzGb2NNb8gcfrdTrEG',NULL,'$2y$10$n1XQdqdj6AkSm5gO9OCzneJ5gedPy49tn2XXzGb2NNb8gcfrdTrEG','2',NULL,'1',0,'2015-11-16 17:35:51','2016-01-22 06:26:34'),(25,'1','sdfsdfsdf',NULL,'$2y$10$.pbNgykyYqT1qTh9aZL7WeMI9R054Nho3.l56eQHr7G5yKb6PE2Ye','$2y$10$n1XQdqdj6AkSm5gO9OCzneJ5gedPy49tn2XXzGb2NNb8gcfrdT22G',NULL,'$2y$10$RrSpyp6nQzKhiFpCdmU8R./Hq2shpiYzqIY1WcnM.0BBWGb6mkjrK','1',NULL,'1',0,'2015-11-17 04:46:46','2015-11-17 04:46:46'),(26,'1','sdfsdfsdf',NULL,'$2y$10$f8mXgkxyC6T785OX2JpYKexxrD7YDP7sVniRd9tdPhpmk26Cme7gC','$2y$10$n1XQdqdj6AkSm5gO9OCzneJ5gedPy49tn2XXzGb2NNb8gcfrdT8900',NULL,'$2y$10$7Dt5k7xsVLwLjvOqCnFA.uForfULT8v.AAnEZOkmNxR17uPlsRqji','1',NULL,'1',0,'2015-11-17 04:47:24','2015-11-17 04:47:24'),(28,'0','Gigstr Admin','admin@gigstr.com','$2y$10$NH/p63mhU2odFXSBXhSWPuu/x9lOybfk5BBGOWmV5lAloFXoGAUXO',NULL,NULL,'$2y$10$3.JbbvWRhNwLdEkANQDKQuNLZEkD1JU1fB.DbCpqnTS9SNuOIkAgW','1',NULL,'1',0,'2015-11-18 12:58:22','2015-11-18 12:58:22'),(29,'1','sdfsdf','sdffds@sdfsdf.com','e10adc3949ba59abbe56e057f20f883e',NULL,NULL,'$2y$10$7KhXudEyHRn6T0SdLOSOou18I3uDY5qWiBEbZqBjqvARkjD9CORZ6','2',NULL,'1',0,'2015-12-09 04:48:11','2016-01-22 06:27:19'),(30,'1','sdfsdf','eeeeeeee@sdfsdf.com','e10adc3949ba59abbe56e057f20f883e',NULL,NULL,'$2y$10$GaHDXSP2baXasJMZpUZPQ.ilSXGaOK52VbcbSRd0.BWp5g7qzqZpO','2',NULL,'1',0,'2015-12-09 04:49:02','2016-01-22 06:25:13'),(31,'1','sdfsdf','eeeeeeee@sss.com','e10adc3949ba59abbe56e057f20f883e',NULL,NULL,'$2y$10$SfO/KBQ7ONHo.FcCc1vGeeB3okOjj9BcWe3muXUPBvKZ3UJ7t.biC','2',NULL,'1',0,'2015-12-09 04:50:38','2016-01-22 06:27:07'),(32,'1','newuser32','newuser@gg.com','e10adc3949ba59abbe56e057f20f883e',NULL,NULL,'$2y$10$T5P9uCWSWuMi6jwmg6cH8.hadBJAPAUwUdP7c61I90VPDWYLFiVVW','1',NULL,'1',0,'2015-12-09 13:11:23','2015-12-09 13:11:23'),(33,'1','newuser','newuser123@gg.com','e10adc3949ba59abbe56e057f20f883e',NULL,NULL,'$2y$10$xUk3Y8FX1t1VTrwZEVspIOsk.DdjJz8w692mRcFzbonHetrZsRHWe','1',NULL,'1',0,'2015-12-09 13:11:47','2015-12-09 13:11:47'),(34,'1','FBUser',NULL,'$2y$10$B3WGl01RAoTO/4SSfPisLORg/3eWz9VvSvLEwuLlpxmpBNN2NoYi.',NULL,NULL,'$2y$10$F.RJ.aSifiTgmINMaHp2cucUdn.5GKiFV6eLvG4Y2ethX4rqlM0jm','1',NULL,'1',0,'2015-12-15 06:39:35','2015-12-15 06:39:35'),(35,'1','Anton Lundberg','lundberg.anton@gmail.com','$2y$10$/bpu5osO56CDXpPlPZ6t2.NbfMKleX5Kbl4uilDnxgjcjJzTLdu9a','919542481414369',NULL,'$2y$10$qZbtvcYh6so1aITozINzkuCF9NeU7VQJ8q4Q0N9AVb8nD4Kj9Wqne','1','903da5646b92cec6faf382928d777047e48dbcb5ab30ff72985aef5fc8b294e0','2',0,'2015-12-15 10:50:16','2015-12-15 10:50:16'),(36,'1','Chapa','chapa@ceylonit.com','25d55ad283aa400af464c76d713c07ad',NULL,NULL,'$2y$10$47z.ySWRVb2kBUg9kOHeHucAThOmpG2kBooLyGh.C3x3QSbE/SFNC','1','382b941c8a8949a9fcd40f6466b790f3be06ff050093382a17c5ce4c537fbfc3','2',1,'2015-12-15 11:38:21','2015-12-15 11:38:21'),(37,'1','Anton Lundberg','lundberg.anton@gmail.com','03d8e3c0dbb9aca134e3029dd89bb809',NULL,NULL,'$2y$10$03SqACrKE5fUNDqwSbvPLuZuikRC/.QisfLf/9GdxBii7voQtGWQ6','1',NULL,'1',0,'2015-12-15 12:08:06','2015-12-15 12:08:06'),(38,'1','Anton Lundberg Hej','anton@hej.com','03d8e3c0dbb9aca134e3029dd89bb809',NULL,NULL,NULL,'1','903da5646b92cec6faf382928d777047e48dbcb5ab30ff72985aef5fc8b294e0','2',0,'2015-12-15 14:34:11','2015-12-15 14:34:11'),(39,'1','HMM','saa@gmail.com','e10adc3949ba59abbe56e057f20f883e',NULL,NULL,'$2y$10$4Do6UJEC46Ow/faGqgfp/OnuS7V.iGgW.rn3/qCKcfI6AU7MLvGu.','2',NULL,'1',0,'2015-12-16 05:30:04','2016-01-22 05:54:11'),(40,'1','Harshana','harshana2004@gmail.com','fcea920f7412b5da7be0cf42b8c93759',NULL,NULL,'$2y$10$X6hOjYSaSOSFgL5d7Gj0ae6qExF9JUcl2EJ9z4Aaqqv74lwa0x2qG','1',NULL,'1',0,'2015-12-16 12:55:08','2015-12-16 12:55:08'),(41,'1','Dishan 123','dishan123@test.com','e10adc3949ba59abbe56e057f20f883e',NULL,NULL,'$2y$10$Ei00nPLsM7Gc2Xdc94U8reZjvFuT0YzRUmFTUsLeOJW5I037PjfjG','1',NULL,'1',0,'2015-12-16 13:00:16','2015-12-16 13:00:16'),(42,'1','Ramesh Adeef','m.a.r.adeef@gmail.com','$2y$10$B9hq4krV7MVF2T/hAf1Ij.U7Mmpq9ZLyDKgpLv3sFfdrL.u9LrTD.','10153191807827314',NULL,NULL,'1','APA91bFQ3nTFvHtEHsgw6UE3lORswBF5ykrnMnaDPaS6zzKt0f8ykfKpuB0YLmDPrix0b8PwoDwsGN3SgVXSJ-2g324-F7KhP260MCFu51CgM9Jilmc73lY','1',0,'2015-12-16 16:35:04','2015-12-16 16:35:04'),(43,'1','Damithau Efutures',NULL,'$2y$10$fWVaMboXTHKLuddYHqefceJi0Q6tiZ9hbfvoKpvzIkdczL1HFvzku','132259780471808',NULL,NULL,'1','6c1c6f185612983223fa59ab33664ec99f62c12738b13330e4738879264bd743','2',0,'2015-12-17 00:22:32','2015-12-17 00:22:32'),(44,'1','tttuser','tttt@gmail.com','e10adc3949ba59abbe56e057f20f883e',NULL,NULL,'$2y$10$ofKz1a5Wg.zBXWKeLAHU4eYxhheMWhAOeQCPlfchIBBZfhAWnx/PO','1',NULL,'1',0,'2015-12-17 10:11:17','2015-12-17 10:11:17'),(45,'1','Try Enter More Than','damithau@Efutures.com','cc03e747a6afbbcbf8be7668acfebee5',NULL,NULL,'$2y$10$qdk2Hw/X6iADTwuqkPzesuULIiKRzrDW4FOoNtfVL/a6rJvVrLIh6','1',NULL,'1',0,'2015-12-17 17:19:33','2015-12-17 17:19:33'),(46,'1','Full Name','damithau@mailinator.com','4297f44b13955235245b2497399d7a93',NULL,NULL,'$2y$10$eaVfHeluKWuGqfIBmqYtx.YF06KZQbqGffrHhUFkOAklyrhjXAcDW','1',NULL,'1',0,'2015-12-17 18:35:15','2015-12-17 18:35:15'),(47,'1','Anton Lundberg E','anton2@hej.com','03d8e3c0dbb9aca134e3029dd89bb809',NULL,NULL,'$2y$10$2OFjs5YbOUs/Dkvdr.xudeHe30O/NVbn9/JNaGl5DodOUaZym3mKu','2',NULL,'1',0,'2015-12-17 18:58:12','2016-01-22 06:02:04'),(48,'1','Anton Lundberg','sudharshan999@ceylonit.com','03d8e3c0dbb9aca134e3029dd89bb809',NULL,NULL,'$2y$10$9papQYW17NXXFoDLhDurMe/zbia4RQtY7UALl39RW.sQ7u3mQUla.','2',NULL,'1',0,'2015-12-17 21:49:10','2015-12-22 07:22:38'),(50,'1','Indrachapa Gamage','xchapax@gmail.com','$2y$10$K6GaY.bhDo7f2QvsEyHffeWFSpUC51fAolYEyrqfer3/iwzokPAfi','10154459543516632',NULL,'$2y$10$ReUjnvRdZlJqduCTSMSs1eOLw2Aoxx.sipbBdbAkmfZ1N93xAqJf6','1','d659b0ed64abe385bdb89af86030def643f0359e7253b8f3e6385235c227605f','2',2,'2015-12-18 09:40:05','2016-02-05 08:57:29'),(51,'1','HMEL','ssa@gmail.com','e10adc3949ba59abbe56e057f20f883e',NULL,NULL,'$2y$10$COQ4huPzD0hIHoSloejtV.hFaPt5C2DnHi8tuPaBGRIalgu3hmD5C','2',NULL,'1',0,'2015-12-18 11:07:19','2016-01-22 06:00:07'),(52,'1','Sudharshan','sudharshan888@ceylonit.com','e10adc3949ba59abbe56e057f20f883e',NULL,NULL,'$2y$10$uhAFPQ85vPQfB.AHM3oGrOJNKexCM6nFiexYiSoGcocraX3YZ1/fC','1',NULL,'1',0,'2015-12-18 12:52:50','2015-12-22 07:24:22'),(53,'1','test tr','test30@gmail.com','e10adc3949ba59abbe56e057f20f883e',NULL,NULL,'$2y$10$N7Z9iOpHsJzCS2ocUBJWDe.asI6XLlAQWNlKsXyBTGbsy/roNUGsC','2',NULL,'1',0,'2015-12-19 06:21:32','2016-01-22 05:59:52'),(55,'1','Fed','ddd@gmail.com','e10adc3949ba59abbe56e057f20f883e',NULL,NULL,NULL,'2',NULL,'2',0,'2015-12-19 10:21:51','2016-01-22 05:59:36'),(56,'1','Bbb','ccc@gmail.com','e10adc3949ba59abbe56e057f20f883e',NULL,NULL,'$2y$10$oGVFMGq/fi7QDTKyTkzjGOVafkId/eLlukCkHEwdTDU6GhdEdNpnW','2',NULL,'1',0,'2015-12-19 10:40:19','2016-01-22 05:59:25'),(57,'1','Anton Lundberg','anton4@hej.com','03d8e3c0dbb9aca134e3029dd89bb809',NULL,NULL,'$2y$10$A7G2DIAo5eV4gs9K0iRP5e.a9a1XUuc0U/f.rIJwptDuH2p6aSVVa','2',NULL,'1',0,'2015-12-20 07:06:23','2016-01-22 05:59:11'),(58,'1','Anton Lundberg','anton5@hej.com','03d8e3c0dbb9aca134e3029dd89bb809',NULL,NULL,'$2y$10$qrDKCH02lyhKEHWRm00uS.CFwMcbV9VdjhnkE39Nskw.WPj2ya8s2','2',NULL,'1',0,'2015-12-20 13:56:36','2016-01-22 05:58:54'),(59,'1','Anton Lundberg','anton6@hej.com','03d8e3c0dbb9aca134e3029dd89bb809',NULL,NULL,NULL,'2',NULL,'1',0,'2015-12-20 14:20:29','2016-01-16 06:04:50'),(60,'1','Danne Man','dleast@gmail.com','88fedd9045e92889881c8872c59b1d85',NULL,NULL,NULL,'1','d097482fd5739e174670cbfd34e17394e1a0af52a50b3c5600e8a589a928c76f','2',0,'2015-12-20 17:30:35','2015-12-20 17:30:35'),(61,'1','Anton Lundberg 21','anton7@hej.com','03d8e3c0dbb9aca134e3029dd89bb809',NULL,NULL,'$2y$10$nlU416R8IU7G3iic6UQanujulSnOV23PMKlxOJbjKWOiSymHdJJQq','1',NULL,'1',0,'2015-12-21 10:02:50','2015-12-21 10:02:50'),(62,'1','Rasmus Solholm','solholmrasmus@gmail.com','$2y$10$AQnLXOVR24Dr6D6DZqaUrey9aydKVoqDWpMG7S7sYqTPpRcIRmm7W','10156311001425287',NULL,'$2y$10$9aU9nbTB3gTuZjaGCMwavOa1CKKBex9C1DSpRVnExbMrJiIPSQk3e','1','096bcc6c15140417d2a348afee85b751302ecc2287b692c8f70910ba659f1d2f','2',0,'2015-12-21 10:05:33','2015-12-21 10:05:33'),(63,'1','Anton Lundberg 8','anton8@hej.com','03d8e3c0dbb9aca134e3029dd89bb809',NULL,NULL,'$2y$10$yADoXEXkHHB1hp7rybMIEujidLLizqr.RVJGuO1qWmzdNMj/WJAUC','2',NULL,'',0,'2015-12-21 11:43:56','2016-01-22 05:58:35'),(64,'1','candidate test','sudharshan111@ceylonit.com','e10adc3949ba59abbe56e057f20f883e',NULL,NULL,'$2y$10$FC5GF395J2GUhvaIg3Zzwe2BwfEpDuv.pPsOX0cRYqFUDkZU215L2','2',NULL,'1',0,'2015-12-22 08:51:35','2016-01-22 05:57:57'),(65,'1','candidate test','sudharshan222@ceylonit.com','e10adc3949ba59abbe56e057f20f883e',NULL,NULL,'$2y$10$tH4IfjHK8Du7xwi5aIdp7OwFZM6e3Ts5msZIlnZUCmlsqpY9fnzhO','2',NULL,'1',0,'2015-12-22 08:52:05','2016-01-22 05:57:33'),(66,'1','candidate test','sudharshan333@ceylonit.com','e10adc3949ba59abbe56e057f20f883e',NULL,NULL,'$2y$10$7RB3dFBTCQVKiEfxkBF7y.3CZD2c.cl7dcdnFqseJcnJVHN60.cVO','2',NULL,'1',0,'2015-12-22 08:53:30','2016-01-22 05:57:25'),(67,'1','candidate test','sudharshan444@ceylonit.com','e10adc3949ba59abbe56e057f20f883e',NULL,NULL,'$2y$10$FIufKXDN130lVZ31wEjR1eqZhMNL/ps.B/tIwR.p09eXj9KPbT1I6','2',NULL,'1',0,'2015-12-22 08:54:10','2016-01-22 05:57:07'),(68,'1','Damitha Test','damithatest@mailinator.com','e10adc3949ba59abbe56e057f20f883e',NULL,NULL,'$2y$10$WDVx1C2XvTrkp.KuZSj9p.trvk.IhJoog.ogQNpzj7b30/f/ayplO','2',NULL,'1',0,'2015-12-22 17:08:21','2016-01-22 05:56:52'),(69,'1','dam test','testmail@mailinator.com','e10adc3949ba59abbe56e057f20f883e',NULL,NULL,'$2y$10$hkPBMQ1Fbab7gC611BhsRO6Zj82lEQevsOf7044mf/GV2p.F7r9sO','2',NULL,'1',0,'2015-12-22 17:11:43','2016-01-22 05:56:44'),(70,'1','rift hurt','gregy@get.com','a384b6463fc216a5f8ecb6670f86456a',NULL,NULL,'$2y$10$IonnXP3hSV0hNde1mctFKuDKJDwl5l3pdCGU5YQTT5pQld.3pdPVG','2',NULL,'1',0,'2015-12-22 17:18:19','2016-01-22 05:57:15'),(71,'1','Test Test','Mail1@mailinator.com','e10adc3949ba59abbe56e057f20f883e',NULL,NULL,'$2y$10$f80RGNRu9yZo0aKNG.MSsOHmLZhwEo31siM5iFppnYvYh5xvCV.7a','2',NULL,'1',0,'2015-12-22 19:22:59','2016-01-22 05:56:29'),(72,'1','Damithau1','maildamitha@mailinator.com','1c63129ae9db9c60c3e8aa94d3e00495',NULL,NULL,'$2y$10$AklzrCrm.AKYcwcDHD1gWuMERIiZDcdDel.lYb/Iii66TuMbW5kFC','2',NULL,'1',0,'2015-12-22 19:26:23','2016-01-22 05:56:36'),(73,'1','Anton','magdalena.niechcial@gmail.com','e10adc3949ba59abbe56e057f20f883e',NULL,NULL,'$2y$10$Gtc8sq6DC3wof34nya3RW.sO/VPmRcKdEbGo0Hh.N3AmwQD.6dZs.','1',NULL,'1',0,'2015-12-22 23:37:42','2015-12-22 23:37:42'),(74,'1','Test qa','qa@gigstr.com','e10adc3949ba59abbe56e057f20f883e',NULL,NULL,'$2y$10$DSciYugBgfjOQ6Ui2h.fvecEJS3eSDiFHSplpvB7nJYBv3ne4jZc6','2',NULL,'1',0,'2015-12-23 02:31:15','2016-01-22 05:56:13'),(75,'1','Anton Lundberg 9','anton9@hej.com','03d8e3c0dbb9aca134e3029dd89bb809',NULL,NULL,'$2y$10$OkQucg1oEMU4KMkLp3N8v.VDYvBeKjg4kGS4auBxMw2te5teL/5j6','2',NULL,'1',0,'2015-12-23 13:38:03','2015-12-25 09:56:03'),(76,'1','Linn Stigell','linnstigell@gmail.com','77cdad7d063a7a3f3d61a975dca7ca7f',NULL,NULL,'$2y$10$lJYxjSLrTJIzlcP3nj4vbO.PcEr0ANSX.c5PSrvcjOEQq4qxOdx5K','1',NULL,'1',0,'2015-12-23 16:15:37','2015-12-23 16:15:37'),(77,'1','Anton Lundberg','anton10@hej.com','03d8e3c0dbb9aca134e3029dd89bb809',NULL,NULL,'$2y$10$Tode8XwmJ0y1JkTX7jFo.u6cN8pcwg01/4M8n1mHgU1qHFJ7Tv8pS','2',NULL,'1',0,'2015-12-25 09:58:02','2016-01-22 05:55:35'),(78,'1','Anton Lundberg','anton11@hej.com','03d8e3c0dbb9aca134e3029dd89bb809',NULL,NULL,'$2y$10$X.UVQ9Q42mRkt/kyc322JeY9GDUfx1UnYoaqgxaZdxujqP3kHcY6S','2','903da5646b92cec6faf382928d777047e48dbcb5ab30ff72985aef5fc8b294e0','2',0,'2016-01-03 10:47:41','2016-01-16 06:04:18'),(79,'1','Anton12','anton12@hej.com','03d8e3c0dbb9aca134e3029dd89bb809',NULL,NULL,'$2y$10$1kMVhfZ7CoLkCZB5c.CFXObflkC81ISF0Mm7T7.DpoJ.8nK6DW69e','2','230c50855c48f02adeda32e4c34b1f97a9b6dcabfea3ed986585677011db13c3','1',0,'2016-01-03 11:17:11','2016-01-22 05:55:24'),(80,'1','Damitha.Test','gigtest@mailinator.com','e120ea280aa50693d5568d0071456460',NULL,NULL,NULL,'2','a8b0afe22ac77f71d171e26152b23df998e0532334ed69b81ba2386d2b887a7b','1',0,'2016-01-04 01:57:34','2016-01-22 05:56:00'),(81,'1','Anton Lundberg 13','anton13@hej.com','03d8e3c0dbb9aca134e3029dd89bb809',NULL,NULL,NULL,'2',NULL,'2',0,'2016-01-04 20:25:00','2016-01-04 20:55:02'),(82,'1','Anton Lundberg 14','anton14@hej.com','03d8e3c0dbb9aca134e3029dd89bb809',NULL,NULL,NULL,'2','','1',0,'2016-01-04 20:56:39','2016-01-16 06:05:41'),(83,'1','Anton Lundberg 15','anton15@hej.com','03d8e3c0dbb9aca134e3029dd89bb809',NULL,NULL,'$2y$10$HEhtRjh6XD/0EWZ0wv6Cu.GHeFKSayNuD2eOeNiF1F3uzdraU60s6','2','','1',0,'2016-01-04 21:10:23','2016-01-22 05:55:49'),(84,'1','Anton Lundberg 16','anton16@hej.com','03d8e3c0dbb9aca134e3029dd89bb809',NULL,NULL,'$2y$10$G30T9tpIPzUPdSnxzpq55Od128BGfWoJEwb/dkZcF61X4vk5ETJTa','2','','1',0,'2016-01-04 21:18:06','2016-01-16 06:06:07'),(85,'1','Godzilla','ggg@gmail.com','e10adc3949ba59abbe56e057f20f883e',NULL,NULL,NULL,'2','8ea0eb27da8b22fbb24f348ed724ee9cb4ef8ff552be4fd6a2a17b4d6c389a6b','1',0,'2016-01-05 06:13:31','2016-01-22 05:55:08'),(86,'1','Anton Lundberg 17','anton17@hej.com','03d8e3c0dbb9aca134e3029dd89bb809',NULL,NULL,'$2y$10$HR3Ek86pIiNjws2pgr.HGuVusXVzsB46K2iqxh09F7pyCGkTzC9H.','2','2d65cada8ca79ebb182b5525576b32cd22d00e55249cbd31ec2a6d217908ae15','1',0,'2016-01-05 08:15:02','2016-01-22 05:54:42'),(87,'1','Anton Lundberg 18','anton18@hej.com','03d8e3c0dbb9aca134e3029dd89bb809',NULL,NULL,'$2y$10$IGHpU/ywU0lGjNPvBM3RhO/r8vG.T7zF9fe9nrmqVJlwRBGPat7lS','2',NULL,'2',0,'2016-01-05 10:08:50','2016-01-22 05:54:56'),(88,'1','Anton Lundberg 20','anton20@hej.com','03d8e3c0dbb9aca134e3029dd89bb809',NULL,NULL,'$2y$10$Mf7PVDZaWHD9fK0FGdkYXu7tnGQzz9OrDz4QeTE969lqT9ZVRYlxy','2','','1',0,'2016-01-05 10:50:23','2016-01-16 06:05:27'),(89,'1','Anton Lundberg ','anton22@hej.com','03d8e3c0dbb9aca134e3029dd89bb809',NULL,NULL,'$2y$10$KpqqmZ/T6JM35N3PDE/UKOxx4bh1u9CrqxUdwNM8wm9sU0ZFtKHZW','2','APA91bHDEW3OEbkTK7DjFNdMo2WtqHnT4XLgGQD5phUm2R2A6Iy_WhRxUxaHVjQuNY-vkjVoh_Mo74X0inzKBs1uJd_MoV3wuVEhHWKIXEedUSkt1duXntQ','1',0,'2016-01-06 12:18:08','2016-01-16 06:05:53'),(90,'1','Anton Lundberg 23','anton23@hej.com','03d8e3c0dbb9aca134e3029dd89bb809',NULL,NULL,NULL,'2',NULL,'2',0,'2016-01-06 19:45:55','2016-01-22 05:54:32'),(91,'1','Anton Lundberg 24','anton24@hej.com','03d8e3c0dbb9aca134e3029dd89bb809',NULL,NULL,NULL,'2',NULL,'2',0,'2016-01-06 22:18:00','2016-01-16 06:04:05'),(92,'1','Man','man@gmail.com','e10adc3949ba59abbe56e057f20f883e',NULL,NULL,'$2y$10$8mfxy1WQ4Zx8WyKenOvqreLBEWpTdjDHpjrZB2U/5.k7dMZ9PaQUa','2',NULL,'2',0,'2016-01-07 05:46:50','2016-01-22 05:33:29'),(93,'1','Anton 25','anton25@hej.com','03d8e3c0dbb9aca134e3029dd89bb809',NULL,NULL,'$2y$10$NNdYi3VZIof6/Zep797AZ.yXBJeDNEFBdo7ZctD1lOD7ROwRPhF56','2','','2',0,'2016-01-07 08:33:54','2016-01-16 06:04:38'),(94,'1','Kamal','kamal@gmail.com','e10adc3949ba59abbe56e057f20f883e',NULL,NULL,'$2y$10$UCZlw8RVJ4Ecb9THWFlCmOQLbtfGDGnbDrPDXgq24L5gy3F8Jii8i','2','d659b0ed64abe385bdb89af86030def643f0359e7253b8f3e6385235c227605f','2',0,'2016-01-08 09:41:44','2016-01-13 04:46:17'),(95,'1','Ramesh','ramesh@ceylonit.com','e10adc3949ba59abbe56e057f20f883e',NULL,NULL,'$2y$10$xX7NgQp5cmi0RExifSF3Bu6wedMuMNgv.Mu77s1cMGl8E4NsVjI2m','1',NULL,'1',0,'2016-01-09 13:30:07','2016-01-09 13:30:07'),(96,'1','Anton','anton31@hej.com','03d8e3c0dbb9aca134e3029dd89bb809',NULL,NULL,'$2y$10$00MnP7i6t3YfB4j4nMYXMeYBzH8A3JnLtTLz24C9UkM0fO1vyxX/2','2','APA91bEZ6k_39raxh_FsyKez4BADd4-Rsjle9G8ia9jpdly1z2dn-8Fzpyp0XaXqFUbou02Yx6uc95PZ8nfbNQ67DAtM49ca_Sn-Y5WVlFRp_RiKgwQ3Gt4','1',0,'2016-01-09 17:24:52','2016-01-22 05:55:16'),(97,'1','A Lundberg','anton30@hej.com','03d8e3c0dbb9aca134e3029dd89bb809',NULL,NULL,'$2y$10$ckKQkcDPAdqRdar5gMhl3ems6SLJqOMxIxT421DmPHw0l3py0xOmq','2','APA91bGPWd_llwpau0QTfxEaS0nsJjp7VOKE0DebmRKxjVH_QLPQOOVd3vTSLdNcKVJ_A1XItsR49lVGBCZ-GS0Ht6LSpBcKpxQ6z4661YlCy_Fu7YP4Fy0','1',0,'2016-01-10 11:52:40','2016-01-22 05:54:21'),(98,'1','Anton32','anton32@hej.com','03d8e3c0dbb9aca134e3029dd89bb809',NULL,NULL,'$2y$10$aTzqLy/MpR0uhxlH2pSf8.2R8MUr3F23ZKvHDj4BZUxMn4tXRULii','2','903da5646b92cec6faf382928d777047e48dbcb5ab30ff72985aef5fc8b294e0','2',0,'2016-01-10 22:14:07','2016-01-16 06:05:14'),(99,'1','Codebuilders','dev@codebuilders.se','88fedd9045e92889881c8872c59b1d85',NULL,NULL,'$2y$10$B6rJQmd7XaoWnG.28/P34O8I.9maSKz0WY90YgE1jJI7r5144sQuC','1','APA91bE31erFFtd69y5ldX8fY1teLEjFip9mL-gowMKJsuioUY5FIUep3SW94kq6BOxCyBmgjkC5OuL6It1ylxa6u-dPBlu6thCy9Oh6rqgoIUKu9DPXCYw','1',0,'2016-01-10 22:21:42','2016-01-10 22:21:42'),(100,'1','Damitha','dsu@mailinator.com','e120ea280aa50693d5568d0071456460',NULL,NULL,'$2y$10$DcjwCAiv7RUJRfVgKLotoeJi4PP9REYucuicu6QrM6xBf7MTi5MRi','2','6c1c6f185612983223fa59ab33664ec99f62c12738b13330e4738879264bd743','2',0,'2016-01-11 18:07:32','2016-01-22 05:31:33'),(102,'1','Anton Lundberg 33','anton33@hej.com','03d8e3c0dbb9aca134e3029dd89bb809',NULL,NULL,'$2y$10$3pBk1gqXVpkZ1jsl44935OXkRUOlw7OVBnUOZbzRcOL0XpLmkDIPy','2','903da5646b92cec6faf382928d777047e48dbcb5ab30ff72985aef5fc8b294e0','2',0,'2016-01-13 14:02:31','2016-01-16 06:05:01'),(103,'1','Anton Lundberg','anton.lundberg@codebuilders.se','03d8e3c0dbb9aca134e3029dd89bb809',NULL,NULL,'$2y$10$vJV2xpryMbFf13wb9wMPs.c0oJfCtD2vTdsC2BlShwqoCMVIp7aMa','1','APA91bFaW9nZ3QyICN7j5ZznsalR3wFW4K-pJIr1eH4haKVRYTTPDq1rijBlOjwoq_waLCeNEHm7w5HD7l1FTVZEXCHvKdbZoUOPUDs85b4B5DLcEUQN7i8','1',0,'2016-01-13 20:10:19','2016-01-13 20:10:19'),(104,'1','Fast','fast@gmail.com','e10adc3949ba59abbe56e057f20f883e',NULL,NULL,NULL,'2','','2',0,'2016-01-14 03:56:15','2016-01-22 05:33:08'),(105,'1','Fat','fat@gmail.com','e10adc3949ba59abbe56e057f20f883e',NULL,NULL,NULL,'2','','2',0,'2016-01-14 09:04:11','2016-01-22 05:31:42'),(106,'1','Anton Lundberg 40','anton40@hej.com','03d8e3c0dbb9aca134e3029dd89bb809',NULL,NULL,'$2y$10$ALZ6k82Q4m8fxiog5STfq.h55zSnTmGdRDsAeV.m7enwuMR50EkV6','2','903da5646b92cec6faf382928d777047e48dbcb5ab30ff72985aef5fc8b294e0','2',0,'2016-01-18 21:38:15','2016-01-22 05:30:16'),(107,'1','Anton Lundberg 41','anton41@hej.com','03d8e3c0dbb9aca134e3029dd89bb809',NULL,NULL,'$2y$10$R9BlmA0ap7z48nwkFPowWe6FEu58z0G4EVYVFl7CEy8Bs.datasIu','2','903da5646b92cec6faf382928d777047e48dbcb5ab30ff72985aef5fc8b294e0','2',0,'2016-01-18 21:43:03','2016-01-22 05:30:25'),(108,'1','Anton Lundberg 42','anton42@hej.com','03d8e3c0dbb9aca134e3029dd89bb809',NULL,NULL,NULL,'2','903da5646b92cec6faf382928d777047e48dbcb5ab30ff72985aef5fc8b294e0','2',0,'2016-01-18 22:41:59','2016-01-22 05:30:32'),(109,'1','Anton Lundberg 44','anton43@hej.com','03d8e3c0dbb9aca134e3029dd89bb809',NULL,NULL,NULL,'2','APA91bEuVwMp5w0MX53tBh90lD4-hnVI1htv3jpKvJMgm9x2t-6YSROsr6eTYNlDMJzNjlLoL-_IWHjDshV_WTEdgoeuWi_wCoFu8Y4K43SbCNibExPUlT0','1',0,'2016-01-18 23:34:35','2016-01-22 05:30:39'),(110,'1','Cbb','cbb@gmail.com','e10adc3949ba59abbe56e057f20f883e',NULL,NULL,NULL,'2','','2',0,'2016-01-19 04:52:58','2016-01-22 05:31:18'),(111,'1','Anton Lundberg','anton44@hej.com','03d8e3c0dbb9aca134e3029dd89bb809',NULL,NULL,NULL,'2','903da5646b92cec6faf382928d777047e48dbcb5ab30ff72985aef5fc8b294e0','2',0,'2016-01-19 16:16:12','2016-01-22 05:31:07'),(112,'1','Danne','dleast@hotmail.com','88fedd9045e92889881c8872c59b1d85',NULL,NULL,'$2y$10$LdqOxj72qrLlTOzoqiiERunCcH5HI7FaSkKCcsDnEuy20CiP7YXGK','1','8ebe15589bdda49c9dee69ef8624af10d3bfa8b580896f5e5a26c88ecb8d1e22','2',2,'2016-01-19 23:52:48','2016-01-19 23:52:48'),(113,'1','Anton Lundberg','anton45@hej.com','03d8e3c0dbb9aca134e3029dd89bb809',NULL,NULL,'$2y$10$ssqXF1rrYwmkcRFfEJAhzOyTcjhgvVS8Wk5a2xU8XzzvqcsMBIdw6','2','903da5646b92cec6faf382928d777047e48dbcb5ab30ff72985aef5fc8b294e0','2',0,'2016-01-20 07:15:07','2016-01-22 05:31:55'),(114,'1','DML','dml@gmail.com','e10adc3949ba59abbe56e057f20f883e',NULL,NULL,NULL,'2','','2',0,'2016-01-20 08:07:14','2016-01-22 05:28:45'),(115,'1','CCD','ccd@gmail.com','e10adc3949ba59abbe56e057f20f883e',NULL,NULL,NULL,'2',NULL,'2',0,'2016-01-21 07:08:25','2016-01-22 05:28:36'),(116,'1','Dcc','dcc@gmail.com','e10adc3949ba59abbe56e057f20f883e',NULL,NULL,NULL,'2','','2',0,'2016-01-21 07:14:45','2016-01-22 05:29:11'),(117,'1','Asa','asa@gmail.com','e10adc3949ba59abbe56e057f20f883e',NULL,NULL,NULL,'2','','2',0,'2016-01-21 07:19:59','2016-01-22 05:29:27'),(118,'1','May','may@gmail.com','e10adc3949ba59abbe56e057f20f883e',NULL,NULL,NULL,'2','','2',0,'2016-01-21 07:26:30','2016-01-22 05:29:35'),(119,'1','Gas','gas@gmail.com','e10adc3949ba59abbe56e057f20f883e',NULL,NULL,NULL,'2','','2',0,'2016-01-21 07:31:09','2016-01-22 05:29:44'),(120,'1','Vat','vat@gmail.com','e10adc3949ba59abbe56e057f20f883e',NULL,NULL,NULL,'2','','2',0,'2016-01-21 07:34:24','2016-01-22 05:29:20'),(121,'1','Chapa ','prathibhani@ceylonit.com','25d55ad283aa400af464c76d713c07ad',NULL,NULL,'$2y$10$EKjBFHU1wyNlAsBf9qucOOy6xbQPSx9.PMb.HESmlnTe5az3DkAYe','1','APA91bH42UFBn0bjI7AJFy8hnrfLfsp5Yrcqa19SasXujcNT7JqvFOjAJa5JKaekxyjRYlzbYevQ7mp7fQj_bHbmAZfW2-IiNgRaeLmqxSgFcbf9AGSrCWE','1',2,'2016-01-21 19:21:04','2016-01-21 19:21:04'),(122,'1','Hello','hello@codebuilders.se','88fedd9045e92889881c8872c59b1d85',NULL,NULL,'$2y$10$ONKAhP2CIz6nw0EkE/6UO.V/2b4jKZMI2HEnwL7DbI0PKmgg4gDHG','1','484fd0858efaff749ef54770e3ace2ac997c5a49cce446432272488ff69c7745','2',2,'2016-01-21 20:49:04','2016-01-21 20:49:04'),(123,'1','VCC','vcc@gmail.com','e10adc3949ba59abbe56e057f20f883e',NULL,NULL,NULL,'1','APA91bH42UFBn0bjI7AJFy8hnrfLfsp5Yrcqa19SasXujcNT7JqvFOjAJa5JKaekxyjRYlzbYevQ7mp7fQj_bHbmAZfW2-IiNgRaeLmqxSgFcbf9AGSrCWE','1',0,'2016-01-22 06:01:54','2016-01-22 06:01:54'),(124,'1','Anton Lundberg','anton46@hej.com','03d8e3c0dbb9aca134e3029dd89bb809',NULL,NULL,NULL,'1','APA91bEK23FIDFCsnEH8jw_gCnERrfDynSlNSI5haQKpq2iY8pFebR7HT9WC0UY5ogYtwJZ1xCUoDDtZmtCpLY0-LByZTamv9twvHeHeoB6cyPuUb_jjzs0','1',0,'2016-01-22 07:40:47','2016-01-22 07:40:47'),(125,'1','New Tesr','new@test.com','e10adc3949ba59abbe56e057f20f883e',NULL,NULL,NULL,'1','APA91bFQ3nTFvHtEHsgw6UE3lORswBF5ykrnMnaDPaS6zzKt0f8ykfKpuB0YLmDPrix0b8PwoDwsGN3SgVXSJ-2g324-F7KhP260MCFu51CgM9Jilmc73lY','1',0,'2016-01-22 09:14:17','2016-01-22 09:14:17'),(126,'1','Bat','bat@gmail.com','e10adc3949ba59abbe56e057f20f883e',NULL,NULL,NULL,'1',NULL,'2',0,'2016-01-26 07:12:47','2016-01-26 07:12:47'),(128,'1','Efutures Znapify','','$2y$10$01GiEmr5UN8XVa.OHxmxD.blKo8e9tn.LUW0ihqyN6fbpjDQxEwX6','142049002827288',NULL,NULL,'1','d659b0ed64abe385bdb89af86030def643f0359e7253b8f3e6385235c227605f','2',0,'2016-01-26 11:26:55','2016-01-26 11:26:55'),(129,'1','Magdalena Niechcial',NULL,'$2y$10$KbKUKemA043Y5ekX/IGNR.Mkq5O.4ytLr7BMM2S.OJsGhn8oypT5a','1251521948197998',NULL,NULL,'1','903da5646b92cec6faf382928d777047e48dbcb5ab30ff72985aef5fc8b294e0','2',0,'2016-01-26 11:56:48','2016-01-26 11:56:48'),(131,'1','Cody Lundberg',NULL,'$2y$10$YBNlTh6X/sYHkQKUNw6upu8UnLR0iLeVu7dA3p7PbJ4y7sodE7rfW','132459663803047',NULL,NULL,'1','APA91bEvVpoqqKFL9cyz70emsFvfo8piymUEdh998uqbr2yVdBg6hEzrTbnSXIFsVVqD0DbC_IQYNJqXT2gd-mbdRYepl7XtLNWBNkSMpOYdsCFxufDhNGE','1',0,'2016-01-29 14:55:36','2016-01-29 14:55:36'),(132,'1','Ramesh Adf','adeef@hotmail.com','$2y$10$XVlVbyIRg6Wq/N6Od2mdJ.yB5MaNim8DhuxEFZ.1zQm96LXP537Bi','1185980411417580',NULL,NULL,'1','APA91bFQ3nTFvHtEHsgw6UE3lORswBF5ykrnMnaDPaS6zzKt0f8ykfKpuB0YLmDPrix0b8PwoDwsGN3SgVXSJ-2g324-F7KhP260MCFu51CgM9Jilmc73lY','1',0,'2016-02-01 13:06:42','2016-02-01 13:06:42'),(135,'1','Isuru Yapa','ggg@gggg.com','$2y$10$8qlIshOJvlVZ91CBb2Cju.auXs1zEpkQgVXTGDRaq/1BxRzV.eKj.','',NULL,NULL,'1','','2',0,'2016-02-05 10:31:16','2016-02-05 10:31:16'),(136,'1','Isuru Yapa',NULL,'$2y$10$f9XNfvtY3mxGhF6IZKo3Mu4pKV1bOnU5ZwttmYkpLGxst/ZwzGsQi','111111111',NULL,'$2y$10$hSOqjNtQInwoKXIPNKemZ.ykNIQekWctS5WF9BM8gmZdxoIXiY9ZS','1','','2',0,'2016-02-05 10:36:41','2016-02-05 10:36:41'),(137,'1','Isuru Yapa',NULL,'$2y$10$OwPpTXnj3ypEApVCiqWhpu50llvJ2usABavREPyENI8Yptd2WyzK2','101091333231327844',NULL,'$2y$10$YZTzvTxnxYUWGhu75PHMc.41.jWlemfhiTNa1rsm12k0nc5BoOBUC','1','','2',0,'2016-02-05 10:37:13','2016-02-05 10:37:13'),(138,'1','Isuru Yapa',NULL,'$2y$10$UrZ01KS./bkLrTfld8eyxO8DakGTLm88hAyBLFXZZUnv0TDBuD4jO','1010913332313278',NULL,NULL,'1','','2',0,'2016-02-05 10:37:43','2016-02-05 10:37:43'),(140,'1','Hasitha De Mel','hasithadm@yahoo.com','$2y$10$qeRWy3xQKjsHQ95pGvU1Z.xWhkbo.JNvdq46mz1wBRa8Vl6D.w2re','10153093814905755',NULL,'$2y$10$qeRWy3xQKjsHQ95pGvU1Z$2y$10','1','d659b0ed64abe385bdb89af86030def643f0359e7253b8f3e6385235c227605f','2',3,'2016-02-05 10:55:24','2016-02-05 10:55:24'),(141,'1','Hasitha Ceylonit','hasithad@ceylonit.com','$2y$10$FrzMXWBVyuOjAbDrf422/O0wXge3mE/5Y646zTYJMC0R6z5u77Xrq','112879952407819',NULL,'$2y$10$UttoP5TpFnrOaEZLGCOG1e6eTvnvxwIm/nv04P5wQhxPvh7NJaMRK','1','8ea0eb27da8b22fbb24f348ed724ee9cb4ef8ff552be4fd6a2a17b4d6c389a6b','2',0,'2016-02-05 10:56:42','2016-02-05 10:56:42'),(142,'1','Daniel Estephan','dleast@gmail.com','$2y$10$tU/MvV8OxFpzDAYOI0PnC.w4OsKnQeCJGA8ZySTdIr2R5o1Bi57xW','10153186516037093',NULL,'$2y$10$4WcF8BUsQjT/sB1W/RwlveoBC9li83K9EogqPGHWarz6DYjU425XG','1','a56559073883047600b17ae1fa220787e4e0695bf896e7302cc0a57ba19a2bc7','2',0,'2016-02-05 11:00:28','2016-02-05 11:00:28'),(143,'1','Rakitha Rukshan','rakitha.pe@gmail.com','$2y$10$gd4uXwLDynRX2DvMwx4Aq.c3ge1s3Hcxo7dgzgNmggpDcs.z72wLG','10153813040907224',NULL,NULL,'1','','2',0,'2016-02-17 03:51:21','2016-02-17 03:51:21'),(144,'1','Ramz Adf','adf_ramz@yahoo.com','$2y$10$ktRF64hGrzq8VBP0L.79WOZcjpypWljHdObpZRggZYhki.as87gne','1136894056322803',NULL,NULL,'1','APA91bH-zWc7ureHMPHVh6D8-FW4ckE5YFzMvG1aZFfaenkVmac5Jp4hKVxkCspog5HhKfMvyDF83Q_21Dk-e0dXh8-gR2e0Yp7NZBHMTsp0jsNgGqcK7zE','1',0,'2016-03-13 02:52:30','2016-03-13 02:52:30'),(145,'1','Sssss','sss@gmail.com','e10adc3949ba59abbe56e057f20f883e',NULL,NULL,'$2y$10$YpPOMu9sFYS8RninHuOQSe8ZYrutG4k680h56GC2P1EpdfKfzxYVi','1',NULL,'2',0,'2016-03-16 09:20:22','2016-03-16 09:20:22'),(146,'1','Tot@gmail.com','tot@gmail.com','e10adc3949ba59abbe56e057f20f883e',NULL,NULL,'$2y$10$Hw2ir3FS1.8L8p5shezR5e8hrfsk5ZItztM5P25HFLDTLOISkkiea','1','8ea0eb27da8b22fbb24f348ed724ee9cb4ef8ff552be4fd6a2a17b4d6c389a6b','2',0,'2016-03-16 11:54:53','2016-03-16 11:54:53'),(147,'1','Rakitha Perera','rakitha.it@gmail.com','3b94faeb485004cb9d9430b3b52e94ae',NULL,NULL,NULL,'1',NULL,'2',0,'2016-03-19 14:36:50','2016-03-19 14:36:50'),(148,'1','Mark Fernando','mark.fernando@gmail.com','25f9e794323b453885f5181f1b624d0b',NULL,NULL,NULL,'1','','2',0,'2016-03-24 07:28:53','2016-03-24 07:28:53'),(149,'1','De','de@de.se','88fedd9045e92889881c8872c59b1d85',NULL,NULL,'$2y$10$vFBkofvVN1ZdMrkuAgrEBul6/H8LRq1K9WcMCRPpvYwA9OuXLaB8K','1','ef79f92fc4a27b0c4f08ff77a6d962f6143bdf3f747d08965864ff76f3488427','2',0,'2016-03-25 08:18:34','2016-03-25 08:18:34'),(150,'1','De2','De@de.com','88fedd9045e92889881c8872c59b1d85',NULL,NULL,'$2y$10$tEJj/zjUV07eUbNB2pnIjO97T5eT64vEubhkDIgI/AEjdXYbrTdXm','1','ef79f92fc4a27b0c4f08ff77a6d962f6143bdf3f747d08965864ff76f3488427','2',0,'2016-03-25 08:21:03','2016-03-25 08:21:03'),(151,'1','Anton','anton1@gmail.com','88fedd9045e92889881c8872c59b1d85',NULL,NULL,'$2y$10$Z.hbY9KvJrjyIwTwWjGORertrAPckAkZHhx85piSs4HYnUS17oP0.','1','ef79f92fc4a27b0c4f08ff77a6d962f6143bdf3f747d08965864ff76f3488427','2',0,'2016-03-25 11:00:20','2016-03-25 11:00:20'),(152,'1','Anton2','anton2@gmail.com','88fedd9045e92889881c8872c59b1d85',NULL,NULL,'$2y$10$CJBRlEptxHfQ798kODx1vOdjo3saBwxHMUtg72RHhqwEK9QpVI6Vy','1','ef79f92fc4a27b0c4f08ff77a6d962f6143bdf3f747d08965864ff76f3488427','2',2,'2016-03-25 11:01:57','2016-03-25 11:01:57'),(153,'1','Test','test.bb@gmail.com','25f9e794323b453885f5181f1b624d0b',NULL,NULL,'$2y$10$rukIQHoWom3J6bQ..4ZAVe3xLp3s2N./CQpofndD.cHFvoy1FV6kG','1','94c800595d58a0a5cd3e54ea85007a968c8eb3d26a2eb07c0fc313773b72290b','2',0,'2016-03-25 16:16:57','2016-03-25 16:16:57'),(154,'1','Rjcjc','test.nnn@gmail.com','25f9e794323b453885f5181f1b624d0b',NULL,NULL,'$2y$10$YqUAEk8ad2718IeIQiZRtOLTmB9wSJpKT8ucge.NmzzoqDVqkr3fK','1','94c800595d58a0a5cd3e54ea85007a968c8eb3d26a2eb07c0fc313773b72290b','2',0,'2016-03-25 16:21:33','2016-03-25 16:21:33'),(155,'1','Uchxjdx','ggg.nn@gmail.com','7adfca2f2aba4cd301a02b9f33ca9037',NULL,NULL,NULL,'1','94c800595d58a0a5cd3e54ea85007a968c8eb3d26a2eb07c0fc313773b72290b','2',0,'2016-03-25 16:25:05','2016-03-25 16:25:05'),(156,'1','Rafhv','agfcff@gfsd.chv','25f9e794323b453885f5181f1b624d0b',NULL,NULL,NULL,'1','94c800595d58a0a5cd3e54ea85007a968c8eb3d26a2eb07c0fc313773b72290b','2',0,'2016-03-25 16:26:52','2016-03-25 16:26:52'),(157,'1','No','no@no.no','88fedd9045e92889881c8872c59b1d85',NULL,NULL,'$2y$10$JAAA.OOrDi0n.1fGzUmSZ.SSgvpuyAvBd9asXUTwPP1M1s1Uu/8nW','1','c77073be869929d9bdeeb31f833f558e783109d1b7ef275430af685f81a0bcd6','2',0,'2016-03-25 16:38:50','2016-03-25 16:38:50');
/*!40000 ALTER TABLE `user` ENABLE KEYS */;
UNLOCK TABLES;
/*!40103 SET TIME_ZONE=@OLD_TIME_ZONE */;

/*!40101 SET SQL_MODE=@OLD_SQL_MODE */;
/*!40014 SET FOREIGN_KEY_CHECKS=@OLD_FOREIGN_KEY_CHECKS */;
/*!40014 SET UNIQUE_CHECKS=@OLD_UNIQUE_CHECKS */;
/*!40101 SET CHARACTER_SET_CLIENT=@OLD_CHARACTER_SET_CLIENT */;
/*!40101 SET CHARACTER_SET_RESULTS=@OLD_CHARACTER_SET_RESULTS */;
/*!40101 SET COLLATION_CONNECTION=@OLD_COLLATION_CONNECTION */;
/*!40111 SET SQL_NOTES=@OLD_SQL_NOTES */;

-- Dump completed on 2016-03-27  0:20:02
